manifest,job,host,gpu,julia,cuda,blas_threads,seed,policy,strategy,precision,P,lh,n,ell,window_classes,fit,note,n_cells,n_nodes,nodes_per_level,routes,routes_per_level,n_direct,nonempty_classes,max_class,mean_class,class_p50,class_p90,construction_ms,persistent_device_bytes,peak_device_bytes,grid_ms,occupancy_ms,direct_gen_ms,route_gen_ms,groups_ms,b2m_ms,m2m_ms,m2l_ms,m2l_per_level,l2l_ms,l2b_ms,full_step_ms,m2l_device_alloc_bytes,step_device_alloc_bytes,full_step_host_alloc_bytes,route_uploads,operator_uploads,body_uploads,metadata_downloads,expansion_host_copies,err_potential,err_gradient
4baff1ed0e418148,12977812,m13h-1-1,NVIDIA H200,1.11.7,12.8.0,1,27000,flat,concat,Float64,4,false,2000,3,4,true,,446,519,1 8 64 446,20964,20964,177952,0,0,0.0,0.0,0.0,30239.565304,402653184,476053504,NaN,NaN,NaN,NaN,NaN,0.3849279892165214,0.5987840122543275,0.48335999599657953,,0.5673279520124197,0.49846398178488016,3.9639740000000003,80,6460,1697424,2,1,9,27,0,2.997773199120424e-8,9.872519783418743e-7
4baff1ed0e418148,12977812,m13h-1-1,NVIDIA H200,1.11.7,12.8.0,1,27000,flat,factored,Float64,4,false,2000,3,4,true,,446,519,1 8 64 446,20964,20964,177952,1552,42,13.507731958762887,12.0,28.0,2487.593407,67108864,136314880,NaN,NaN,NaN,NaN,NaN,0.38345600478351116,0.5961920251138508,0.1335359993390739,,0.5834879702888429,0.5090879858471453,3.9947460000000006,0,6380,1573904,2,1,9,27,0,2.997773201202092e-8,9.872519783418743e-7
4baff1ed0e418148,12977812,m13h-1-1,NVIDIA H200,1.11.7,12.8.0,1,27000,flat,precomputed_y,Float64,4,false,2000,3,4,true,,446,519,1 8 64 446,20964,20964,177952,1552,42,13.507731958762887,12.0,28.0,3574.034699,67108864,136314880,NaN,NaN,NaN,NaN,NaN,0.3826879838015884,0.5903679993934929,0.08848000288708135,,0.5724800284951925,0.5013759946450591,3.745866,0,6380,1660464,2,1,9,27,0,2.99777320328376e-8,9.872519783418743e-7
4baff1ed0e418148,12977812,m13h-1-1,NVIDIA H200,1.11.7,12.8.0,1,27000,flat,dense,Float64,4,false,2000,3,4,true,,446,519,1 8 64 446,20964,20964,177952,1552,42,13.507731958762887,12.0,28.0,3548.529374,67108864,136314880,NaN,NaN,NaN,NaN,NaN,0.38435199530795217,0.6273280014283955,0.03212799856555648,,0.5906879669055343,0.4934400203637779,3.831446,0,6380,1566816,2,1,9,27,0,2.997773199814313e-8,9.872519783384048e-7
4baff1ed0e418148,12977812,m13h-1-1,NVIDIA H200,1.11.7,12.8.0,1,27000,hier12,concat,Float64,4,false,2000,3,4,true,,446,519,1 8 64 446,123368,752 122616,45156,1904,201,64.79411764705883,52.0,145.0,2587.641048,33554432,102760448,0.91354,0.034892,0.162185,45.303483,0.066754,0.38297599530778825,0.5720319459214807,169.3805456161499,30.542474 140.588145,0.5994560196995735,0.43289599125273526,164.171935,43720,44528,29567248,2,2,11,33,0,6.764355742205908e-7,1.8400040453905864e-5
4baff1ed0e418148,12977812,m13h-1-1,NVIDIA H200,1.11.7,12.8.0,1,27000,hier12,factored,Float64,4,false,2000,3,4,true,,446,519,1 8 64 446,123368,752 122616,45156,1904,201,64.79411764705883,52.0,145.0,502.509897,33554432,136314880,0.576855,0.019641,0.10683,45.35489,0.045433,0.38390400004573166,0.5840319790877402,176.88211798667908,30.487913 140.382257,0.5639360169880092,0.43244799599051476,173.292181,43720,44528,29567248,2,2,11,33,0,6.764355741928352e-7,1.8400040453905864e-5
4baff1ed0e418148,12977812,m13h-1-1,NVIDIA H200,1.11.7,12.8.0,1,27000,hier12,precomputed_y,Float64,4,false,2000,3,4,true,,446,519,1 8 64 446,123368,752 122616,45156,1904,201,64.79411764705883,52.0,145.0,1262.224326,33554432,102760448,0.51618,0.018473,0.107573,40.05175,0.042517,0.383327977033332,0.983456033281982,55.37193641066551,15.667937 38.583557,0.6000000284984708,0.43187200208194554,57.546082999999996,3480,4288,11667136,2,2,11,33,0,6.76435574206713e-7,1.8400040453905864e-5
4baff1ed0e418148,12977812,m13h-1-1,NVIDIA H200,1.11.7,12.8.0,1,27000,hier12,dense,Float64,4,false,2000,3,4,true,,446,519,1 8 64 446,123368,752 122616,45156,1904,201,64.79411764705883,52.0,145.0,1437.704496,33554432,102760448,0.500128,0.017627,0.099248,39.890686,0.039714,0.38406398380175233,0.5983359878882766,43.55744272470474,13.983434 28.61049,0.5936960224062204,0.4384320054668933,47.994531,3480,4288,7370144,2,2,11,33,0,6.76435574206713e-7,1.8400040453905864e-5
4baff1ed0e418148,12977812,m13h-1-1,NVIDIA H200,1.11.7,12.8.0,1,27000,hier3,concat,Float64,4,false,2000,3,4,true,,446,519,1 8 64 446,46616,3096 43520,8982,632,310,73.75949367088607,24.0,232.9000000000001,4.460727,33554432,102760448,0.526944,0.018893,0.098731,8.76554,0.041452,0.3818880068138242,0.5698239547200501,45.325376093387604,22.457422 25.27755,0.5644800257869065,0.42006399598903954,50.97007,13272,13816,9748048,2,2,11,33,0,3.333279153676372e-5,0.000655675409450239
4baff1ed0e418148,12977812,m13h-1-1,NVIDIA H200,1.11.7,12.8.0,1,27000,hier3,factored,Float64,4,false,2000,3,4,true,,446,519,1 8 64 446,46616,3096 43520,8982,632,310,73.75949367088607,24.0,232.9000000000001,4.488552,33554432,102760448,0.533146,0.018751,0.104362,8.752176,0.042815,0.3820160054601729,0.5701439804397523,47.35599830746651,22.552379 25.348994,0.5870400345884264,0.41996801155619323,51.078131,13272,13816,9748048,2,2,11,33,0,3.333279153676372e-5,0.0006556754094502459
4baff1ed0e418148,12977812,m13h-1-1,NVIDIA H200,1.11.7,12.8.0,1,27000,hier3,precomputed_y,Float64,4,false,2000,3,4,true,,446,519,1 8 64 446,46616,3096 43520,8982,632,310,73.75949367088607,24.0,232.9000000000001,5.339413,33554432,102760448,0.448278,0.022748,0.099338,7.920524,0.041375,0.382176018320024,0.5787199479527771,12.23753672093153,5.370309 7.443634,0.5745599628426135,0.4191999905742705,16.280754,632,1176,4121264,2,2,11,33,0,3.333279153676372e-5,0.000655675409450239
4baff1ed0e418148,12977812,m13h-1-1,NVIDIA H200,1.11.7,12.8.0,1,27000,hier3,dense,Float64,4,false,2000,3,4,true,,446,519,1 8 64 446,46616,3096 43520,8982,632,310,73.75949367088607,24.0,232.9000000000001,17.700419,33554432,102760448,0.443918,0.018362,0.091969,7.863396,0.040368,0.3820480196736753,0.5818239878863096,8.452383801341057,3.392358 5.376717,0.5746560054831207,0.4177600203547627,11.856166,632,1176,2716752,2,2,11,33,0,3.333279153676372e-5,0.0006556754094502043
4baff1ed0e418148,12977812,m13h-1-1,NVIDIA H200,1.11.7,12.8.0,1,27000,flat,concat,Float64,4,false,2000,4,4,true,,1410,1929,1 8 64 446 1410,1153614,1153614,834486,0,0,0.0,0.0,0.0,12.867657,637534208,740294656,NaN,NaN,NaN,NaN,NaN,0.15542400069534779,0.7686079479753971,5.380319897085428,,0.7612479967065156,0.4009279946330935,11.720592,720,165732,4936544,2,1,9,27,0,6.899712107211187e-9,5.743020833892665e-7
4baff1ed0e418148,12977812,m13h-1-1,NVIDIA H200,1.11.7,12.8.0,1,27000,flat,factored,Float64,4,false,2000,4,4,true,,1410,1929,1 8 64 446 1410,1153614,1153614,834486,17038,299,67.70829909613805,44.0,173.0,19.908196,402653184,471859200,NaN,NaN,NaN,NaN,NaN,0.15657598851248622,0.7800639723427594,5.269728135317564,,0.7596160285174847,0.3952000115532428,11.718688,0,165012,4937344,2,1,9,27,0,6.899712134966762e-9,5.743020833753887e-7
4baff1ed0e418148,12977812,m13h-1-1,NVIDIA H200,1.11.7,12.8.0,1,27000,flat,precomputed_y,Float64,4,false,2000,4,4,true,,1410,1929,1 8 64 446 1410,1153614,1153614,834486,17038,299,67.70829909613805,44.0,173.0,98.302085,402653184,471859200,NaN,NaN,NaN,NaN,NaN,0.15590399561915547,0.7758719730190933,3.3173440024256706,,0.7550079608336091,0.3977919986937195,10.052536,0,165012,4883680,2,1,9,27,0,6.8997121210889745e-9,5.743020833892665e-7
4baff1ed0e418148,12977812,m13h-1-1,NVIDIA H200,1.11.7,12.8.0,1,27000,flat,dense,Float64,4,false,2000,4,4,true,,1410,1929,1 8 64 446 1410,1153614,1153614,834486,17038,299,67.70829909613805,44.0,173.0,1159.81198,503316480,572522496,NaN,NaN,NaN,NaN,NaN,0.1552640023874119,0.780416012275964,1.2130880495533347,,0.7586560095660388,0.40035200072452426,8.149087,0,165012,4442272,2,1,9,27,0,6.8997121210889745e-9,5.74302083417022e-7
4baff1ed0e418148,12977812,m13h-1-1,NVIDIA H200,1.11.7,12.8.0,1,27000,hier12,concat,Float64,4,false,2000,4,4,true,,1410,1929,1 8 64 446 1410,596894,752 122616 473526,106964,3644,551,163.8018660812294,117.0,425.0,5.750828,67108864,169869312,0.737877,0.02334,0.103253,73.326186,0.052106,0.15600000915583223,0.7579840021207929,302.7256429195404,29.360477 134.415781 134.718289,0.793568033259362,0.1763199979905039,298.465056,88960,90684,55993568,2,2,11,33,0,6.963864834508282e-7,2.5461597385235957e-5
4baff1ed0e418148,12977812,m13h-1-1,NVIDIA H200,1.11.7,12.8.0,1,27000,hier12,factored,Float64,4,false,2000,4,4,true,,1410,1929,1 8 64 446 1410,596894,752 122616 473526,106964,3644,551,163.8018660812294,117.0,425.0,5.724353,67108864,169869312,0.724903,0.022861,0.108002,73.598567,0.055148,0.15638400509487838,0.7524160319007933,302.6069402694702,29.485234 134.527816 134.892281,0.7862079655751586,0.17513599595986307,300.975748,88960,90684,55993632,2,2,11,33,0,6.963864834508282e-7,2.5461597385235957e-5
4baff1ed0e418148,12977812,m13h-1-1,NVIDIA H200,1.11.7,12.8.0,1,27000,hier12,precomputed_y,Float64,4,false,2000,4,4,true,,1410,1929,1 8 64 446 1410,596894,752 122616 473526,106964,3644,551,163.8018660812294,117.0,425.0,9.519218,33554432,102760448,0.775345,0.021503,0.101659,65.971934,0.055202,0.15545600035693496,0.7819200400263071,92.72310882806778,15.548472 38.412967 38.261092,0.7991039892658591,0.17686399223748595,98.72468500000001,13920,15644,22486224,2,2,11,33,0,6.963864834508282e-7,2.5461597385235957e-5
4baff1ed0e418148,12977812,m13h-1-1,NVIDIA H200,1.11.7,12.8.0,1,27000,hier12,dense,Float64,4,false,2000,4,4,true,,1410,1929,1 8 64 446 1410,596894,752 122616 473526,106964,3644,551,163.8018660812294,117.0,425.0,77.683051,33554432,102760448,0.730561,0.022023,0.101702,68.931205,0.051325,0.15564799832645804,0.7737280102446675,72.80322909355164,14.434422 30.007755 74.937716,0.8032960467971861,0.17459200171288103,81.404537,13920,15644,14542192,2,2,11,33,0,6.963864834508282e-7,2.5461597385249835e-5
4baff1ed0e418148,12977812,m13h-1-1,NVIDIA H200,1.11.7,12.8.0,1,27000,hier3,concat,Float64,4,false,2000,4,4,true,,1410,1929,1 8 64 446 1410,147952,3096 43520 101336,18944,948,671,156.06751054852322,101.5,509.0,7.016925,33554432,136314880,0.725205,0.022753,0.104218,13.872919,0.053097,0.15564799832645804,0.7582079851999879,69.6859210729599,21.423831 24.07875 24.020688,0.7868480170145631,0.16211200272664428,79.74429099999999,21488,22376,16779232,2,2,11,33,0,3.399620475381948e-5,0.000663841147687777
4baff1ed0e418148,12977812,m13h-1-1,NVIDIA H200,1.11.7,12.8.0,1,27000,hier3,factored,Float64,4,false,2000,4,4,true,,1410,1929,1 8 64 446 1410,147952,3096 43520 101336,18944,948,671,156.06751054852322,101.5,509.0,4.789739,33554432,136314880,0.721613,0.022233,0.095977,13.802471,0.049915,0.15580799663439393,0.7609919994138181,75.78077167272568,21.313718 23.952506 23.92195,0.7917119655758142,0.16233600035775453,79.888492,21488,22376,16779232,2,2,11,33,0,3.399620475383336e-5,0.000663841147687777
4baff1ed0e418148,12977812,m13h-1-1,NVIDIA H200,1.11.7,12.8.0,1,27000,hier3,precomputed_y,Float64,4,false,2000,4,4,true,,1410,1929,1 8 64 446 1410,147952,3096 43520 101336,18944,948,671,156.06751054852322,101.5,509.0,5.697195,33554432,102760448,0.654537,0.019927,0.095708,12.831057,0.049286,0.1558719959575683,0.7763520115986466,19.088096916675568,5.386032 7.389797 7.366399,0.773984007537365,0.1630080078030005,25.292555,2528,3416,8315936,2,2,11,33,0,3.399620475381948e-5,0.000663841147687777
4baff1ed0e418148,12977812,m13h-1-1,NVIDIA H200,1.11.7,12.8.0,1,27000,hier3,dense,Float64,4,false,2000,4,4,true,,1410,1929,1 8 64 446 1410,147952,3096 43520 101336,18944,948,671,156.06751054852322,101.5,509.0,17.830525,33554432,102760448,0.668894,0.018771,0.096596,12.714327,0.04657,0.15596799494232982,0.7769599906168878,13.580191880464554,3.38702 5.391743 5.323108,0.7664639852009714,0.16211200272664428,20.364819,2528,3416,6249088,2,2,11,33,0,3.399620475381948e-5,0.0006638411476877354
4baff1ed0e418148,12977812,m13h-1-1,NVIDIA H200,1.11.7,12.8.0,1,27000,flat,concat,Float64,4,false,2000,5,4,true,,1911,3840,1 8 64 446 1410 1911,3259174,3259174,392747,0,0,0.0,0.0,0.0,45.297161,671088640,740294656,NaN,NaN,NaN,NaN,NaN,0.096160001703538,0.9622719953767955,15.188575722277164,,0.9466239716857672,0.15961600001901388,44.836953,2000,1871764,9922096,2,1,9,27,0,2.620881414672205e-9,3.481927013165506e-7
4baff1ed0e418148,12977812,m13h-1-1,NVIDIA H200,1.11.7,12.8.0,1,27000,flat,factored,Float64,4,false,2000,5,4,true,,1911,3840,1 8 64 446 1410 1911,3259174,3259174,392747,138842,138,23.47397761484277,14.0,60.0,123.958807,503316480,572522496,NaN,NaN,NaN,NaN,NaN,0.09577599848853424,0.9806399466469884,14.762559905648232,,0.9519680170342326,0.15980799798853695,44.927474000000004,0,1869764,10100816,2,1,9,27,0,2.620881386916629e-9,3.4819270131243064e-7
4baff1ed0e418148,12977812,m13h-1-1,NVIDIA H200,1.11.7,12.8.0,1,27000,flat,precomputed_y,Float64,4,false,2000,5,4,true,,1911,3840,1 8 64 446 1410 1911,3259174,3259174,392747,138842,138,23.47397761484277,14.0,60.0,2584.831152,536870912,639631360,NaN,NaN,NaN,NaN,NaN,0.09638399933464825,0.9783679852262139,9.385503828525543,,0.9536640136502683,0.15567999798804522,39.553662,0,1869764,9787072,2,1,9,27,0,2.620881386916629e-9,3.4819270131936954e-7
4baff1ed0e418148,12977812,m13h-1-1,NVIDIA H200,1.11.7,12.8.0,1,27000,flat,dense,Float64,4,false,2000,5,4,true,,1911,3840,1 8 64 446 1410 1911,3259174,3259174,392747,138842,138,23.47397761484277,14.0,60.0,10253.428369,1610612736,1679818752,NaN,NaN,NaN,NaN,NaN,0.0958399978117086,0.9796159574761987,3.341664094477892,,0.9534400305710733,0.1582080003572628,33.540416,0,1869764,8700528,2,1,9,27,0,2.6208813730388414e-9,3.481927013148159e-7
4baff1ed0e418148,12977812,m13h-1-1,NVIDIA H200,1.11.7,12.8.0,1,27000,hier12,concat,Float64,4,false,2000,5,4,true,,1911,3840,1 8 64 446 1410 1911,767168,752 122616 473526 170274,31247,5384,551,142.49034175334324,114.0,392.0,5.975221,67108864,169869312,0.766648,0.021945,0.110019,102.229068,0.060242,0.0976960000116378,2.0944641437381506,437.7860426902771,28.995791 132.275013 132.538001 131.71233,0.9702399838715792,0.10067199764307588,442.138213,137680,139932,82331008,2,2,11,33,0,6.900805543802457e-7,3.301531231021584e-5
4baff1ed0e418148,12977812,m13h-1-1,NVIDIA H200,1.11.7,12.8.0,1,27000,hier12,factored,Float64,4,false,2000,5,4,true,,1911,3840,1 8 64 446 1410 1911,767168,752 122616 473526 170274,31247,5384,551,142.49034175334324,114.0,392.0,6.156554,67108864,169869312,0.781284,0.022822,0.130313,105.882148,0.064452,0.09772799967322499,0.9902080055326223,437.5320076942444,29.009244 143.357325 141.032904 131.713191,0.9684480028226972,0.10060799831990153,447.717663,137680,139932,82331008,2,2,11,33,0,6.900805543802457e-7,3.3015312310222776e-5
4baff1ed0e418148,12977812,m13h-1-1,NVIDIA H200,1.11.7,12.8.0,1,27000,hier12,precomputed_y,Float64,4,false,2000,5,4,true,,1911,3840,1 8 64 446 1410 1911,767168,752 122616 473526 170274,31247,5384,551,142.49034175334324,114.0,392.0,10.55697,33554432,102760448,0.831676,0.021698,0.127309,101.307517,0.071793,0.09689600119600073,1.0072320001199841,137.71580159664154,15.885649 39.820716 50.951895 39.883319,1.0104639222845435,0.10080000356538221,140.218477,27840,30092,33280272,2,2,11,33,0,6.900805543802457e-7,3.301531231021584e-5
4baff1ed0e418148,12977812,m13h-1-1,NVIDIA H200,1.11.7,12.8.0,1,27000,hier12,dense,Float64,4,false,2000,5,4,true,,1911,3840,1 8 64 446 1410 1911,767168,752 122616 473526 170274,31247,5384,551,142.49034175334324,114.0,392.0,81.999147,33554432,102760448,0.797327,0.028559,0.103443,155.709817,0.067872,0.09600000339560211,0.9721599635668099,102.036252617836,14.500079 91.901923 28.454286 28.350135,1.000127987936139,0.10124800610356033,117.480745,27840,30092,21689200,2,2,11,33,0,6.900805543802457e-7,3.301531231022104e-5
4baff1ed0e418148,12977812,m13h-1-1,NVIDIA H200,1.11.7,12.8.0,1,27000,hier3,concat,Float64,4,false,2000,5,4,true,,1911,3840,1 8 64 446 1410 1911,177640,3096 43520 101336 29688,6493,1264,671,140.5379746835443,93.5,280.0,4.92649,33554432,136314880,0.753837,0.021935,0.104626,19.203057,0.061269,0.0958399978117086,0.9518719743937254,94.17686611413956,21.463769 24.111289 23.961552 23.993493,0.9911040542647243,0.09990399848902598,108.61270300000001,30336,31452,23769504,2,2,11,33,0,3.4004634667864075e-5,0.0012642345850528494
4baff1ed0e418148,12977812,m13h-1-1,NVIDIA H200,1.11.7,12.8.0,1,27000,hier3,factored,Float64,4,false,2000,5,4,true,,1911,3840,1 8 64 446 1410 1911,177640,3096 43520 101336 29688,6493,1264,671,140.5379746835443,93.5,280.0,4.990347,33554432,136314880,0.751053,0.025134,0.107138,21.061252,0.060905,0.09577599848853424,0.9513279655948281,94.30938214063644,21.451916 24.166966 34.460658 24.104402,0.9853120427578688,0.0998719988274388,108.635338,30336,31452,23769504,2,2,11,33,0,3.4004634667864075e-5,0.0012642345850528702
4baff1ed0e418148,12977812,m13h-1-1,NVIDIA H200,1.11.7,12.8.0,1,27000,hier3,precomputed_y,Float64,4,false,2000,5,4,true,,1911,3840,1 8 64 446 1410 1911,177640,3096 43520 101336 29688,6493,1264,671,140.5379746835443,93.5,280.0,5.943788,33554432,102760448,0.708724,0.020239,0.10625,17.95666,0.060548,0.09654399764258415,0.9741439716890454,26.049695909023285,5.416655 7.492938 7.439729 7.439173,0.9673280292190611,0.0991039996733889,36.599984,5056,6172,12485504,2,2,11,33,0,3.4004634667864075e-5,0.0012642345850528633
4baff1ed0e418148,12977812,m13h-1-1,NVIDIA H200,1.11.7,12.8.0,1,27000,hier3,dense,Float64,4,false,2000,5,4,true,,1911,3840,1 8 64 446 1410 1911,177640,3096 43520 101336 29688,6493,1264,671,140.5379746835443,93.5,280.0,18.075294,33554432,102760448,0.704961,0.02275,0.095262,17.803646,0.064635,0.09743999544298276,0.9760640095919371,18.938368186354637,3.411626 5.448682 5.390937 5.393844,0.9999360190704465,0.09942399628926069,28.860368,5056,6172,9756320,2,2,11,33,0,3.4004634667864075e-5,0.0012642345850528633
4baff1ed0e418148,12977812,m13h-1-1,NVIDIA H200,1.11.7,12.8.0,1,27000,flat,concat,Float64,4,false,20000,3,4,true,,510,583,1 8 64 510,36100,36100,224000,0,0,0.0,0.0,0.0,5.981421,335544320,404750336,NaN,NaN,NaN,NaN,NaN,2.4868480395525694,0.5765759851783514,0.2517760149203241,,0.571392010897398,7.8960321843624115,13.117698,80,7448,1733312,2,1,9,27,0,2.6475286685201382e-8,7.661119362858959e-7
4baff1ed0e418148,12977812,m13h-1-1,NVIDIA H200,1.11.7,12.8.0,1,27000,flat,factored,Float64,4,false,20000,3,4,true,,510,583,1 8 64 510,36100,36100,224000,1630,48,22.14723926380368,21.0,41.0,6.085351,67108864,136314880,NaN,NaN,NaN,NaN,NaN,2.5120640639215708,0.5883200210519135,0.20412799494806677,,0.5711039993911982,7.8598083928227425,13.205438,0,7368,1616864,2,1,9,27,0,2.647528664356802e-8,7.661119362997737e-7
4baff1ed0e418148,12977812,m13h-1-1,NVIDIA H200,1.11.7,12.8.0,1,27000,flat,precomputed_y,Float64,4,false,20000,3,4,true,,510,583,1 8 64 510,36100,36100,224000,1630,48,22.14723926380368,21.0,41.0,8.43573,67108864,136314880,NaN,NaN,NaN,NaN,NaN,2.4913600645959377,0.5838079960085452,0.13404799392446876,,0.5725760129280388,7.9307518899440765,13.069323,0,7368,1701392,2,1,9,27,0,2.6475286685201382e-8,7.661119363067126e-7
4baff1ed0e418148,12977812,m13h-1-1,NVIDIA H200,1.11.7,12.8.0,1,27000,flat,dense,Float64,4,false,20000,3,4,true,,510,583,1 8 64 510,36100,36100,224000,1630,48,22.14723926380368,21.0,41.0,72.596483,67108864,136314880,NaN,NaN,NaN,NaN,NaN,2.5050239637494087,0.5833600298501551,0.0414079986512661,,0.5717440508306026,7.837727665901184,13.029924999999999,0,7368,1602704,2,1,9,27,0,2.6475286706018064e-8,7.661119362997737e-7
4baff1ed0e418148,12977812,m13h-1-1,NVIDIA H200,1.11.7,12.8.0,1,27000,hier12,concat,Float64,4,false,20000,3,4,true,,510,583,1 8 64 510,159762,752 159010,53618,1904,254,83.90861344537815,71.0,179.0,5.977049,33554432,136314880,0.812114,0.020364,0.101232,43.13006,0.045742,2.5551358703523874,0.5928000318817794,168.83176565170288,28.818381 131.092664,0.5950719933025539,6.14940794184804,172.74052700000001,43720,44720,29611440,2,2,11,33,0,8.518131881102287e-7,2.3448942912009454e-5
4baff1ed0e418148,12977812,m13h-1-1,NVIDIA H200,1.11.7,12.8.0,1,27000,hier12,factored,Float64,4,false,20000,3,4,true,,510,583,1 8 64 510,159762,752 159010,53618,1904,254,83.90861344537815,71.0,179.0,5.856183,33554432,136314880,0.831444,0.021077,0.10999,43.248107,0.045097,2.5548478588461876,0.5960959824733436,168.83036494255066,28.84406 131.232734,0.5930560291744769,6.1495681293308735,174.119832,43720,44720,29611440,2,2,11,33,0,8.518131881102287e-7,2.3448942912009454e-5
4baff1ed0e418148,12977812,m13h-1-1,NVIDIA H200,1.11.7,12.8.0,1,27000,hier12,precomputed_y,Float64,4,false,20000,3,4,true,,510,583,1 8 64 510,159762,752 159010,53618,1904,254,83.90861344537815,71.0,179.0,9.505467,33554432,102760448,0.814512,0.020206,0.107768,41.382978,0.050458,2.5481279008090496,0.5806720000691712,56.45366385579109,16.111764 40.943586,0.5986880278214812,6.149695720523596,68.828718,3480,4480,11694528,2,2,11,33,0,8.518131881102287e-7,2.344894291200772e-5
4baff1ed0e418148,12977812,m13h-1-1,NVIDIA H200,1.11.7,12.8.0,1,27000,hier12,dense,Float64,4,false,20000,3,4,true,,510,583,1 8 64 510,159762,752 159010,53618,1904,254,83.90861344537815,71.0,179.0,77.507979,33554432,102760448,0.803925,0.019618,0.104589,40.78036,0.045048,2.5345918256789446,0.5795200122520328,43.392930179834366,14.256159 29.377326,0.5920000257901847,6.164480000734329,55.919425000000004,3480,4480,7397536,2,2,11,33,0,8.518131881102287e-7,2.3448942912012924e-5
4baff1ed0e418148,12977812,m13h-1-1,NVIDIA H200,1.11.7,12.8.0,1,27000,hier3,concat,Float64,4,false,20000,3,4,true,,510,583,1 8 64 510,56168,3096 53072,10610,632,382,88.87341772151899,27.0,286.0,5.071355,33554432,102760448,0.781468,0.018917,0.105121,8.730382,0.041597,2.5080640334635973,0.5667840014211833,47.39392176270485,22.619145 25.388857,0.5879359669052064,5.027967970818281,58.651066,13272,13968,9777872,2,2,11,33,0,3.756367630651514e-5,0.000557910889819796
4baff1ed0e418148,12977812,m13h-1-1,NVIDIA H200,1.11.7,12.8.0,1,27000,hier3,factored,Float64,4,false,20000,3,4,true,,510,583,1 8 64 510,56168,3096 53072,10610,632,382,88.87341772151899,27.0,286.0,5.010689,33554432,102760448,0.808487,0.019062,0.101669,8.805788,0.042399,2.507519908249378,0.5746880196966231,47.515615820884705,22.695662 25.446686,0.7494399906136096,5.027648061513901,58.60339,13272,13968,9777872,2,2,11,33,0,3.756367630651514e-5,0.0005579108898197821
4baff1ed0e418148,12977812,m13h-1-1,NVIDIA H200,1.11.7,12.8.0,1,27000,hier3,precomputed_y,Float64,4,false,20000,3,4,true,,510,583,1 8 64 510,56168,3096 53072,10610,632,382,88.87341772151899,27.0,286.0,6.000056,33554432,102760448,0.699914,0.018251,0.107956,7.940812,0.041215,2.513631945475936,0.5825920379720628,12.306367978453636,5.394148 7.423784,0.5700800102204084,5.18889632076025,23.690075,632,1328,4148656,2,2,11,33,0,3.756367630651514e-5,0.000557910889819796
4baff1ed0e418148,12977812,m13h-1-1,NVIDIA H200,1.11.7,12.8.0,1,27000,hier3,dense,Float64,4,false,20000,3,4,true,,510,583,1 8 64 510,56168,3096 53072,10610,632,382,88.87341772151899,27.0,286.0,18.193356,33554432,102760448,0.698645,0.017648,0.10063,7.84337,0.04169,2.514591906219721,0.5863039987161756,8.43785610049963,3.367249 5.379567,0.5731519777327776,5.045951809734106,19.196486,632,1328,2744144,2,2,11,33,0,3.756367630651514e-5,0.0005579108898198099
4baff1ed0e418148,12977812,m13h-1-1,NVIDIA H200,1.11.7,12.8.0,1,27000,flat,concat,Float64,4,false,20000,4,4,true,,2739,3322,1 8 64 510 2739,4561018,4561018,2941103,0,0,0.0,0.0,0.0,27.063888,1577058304,1646264320,NaN,NaN,NaN,NaN,NaN,0.5489599425345659,0.7719359709881246,21.20371162891388,,0.7657280075363815,4.424704238772392,35.795142,2800,322788,8764064,2,1,9,27,0,6.7172910567236954e-9,5.366380788213165e-7
4baff1ed0e418148,12977812,m13h-1-1,NVIDIA H200,1.11.7,12.8.0,1,27000,flat,factored,Float64,4,false,20000,4,4,true,,2739,3322,1 8 64 510 2739,4561018,4561018,2941103,17380,1008,262.4291139240506,189.0,628.0,34.921924,1308622848,1377828864,NaN,NaN,NaN,NaN,NaN,0.5493119824677706,0.7839360041543841,20.576735958456993,,0.7931839791126549,4.317471757531166,35.490255999999995,0,319988,9054000,2,1,9,27,0,6.717291084479271e-9,5.366380787796832e-7
4baff1ed0e418148,12977812,m13h-1-1,NVIDIA H200,1.11.7,12.8.0,1,27000,flat,precomputed_y,Float64,4,false,20000,4,4,true,,2739,3322,1 8 64 510 2739,4561018,4561018,2941103,17380,1008,262.4291139240506,189.0,628.0,106.20485,1308622848,1377828864,NaN,NaN,NaN,NaN,NaN,0.5490879993885756,0.7823039777576923,12.794176116585732,,0.7735999533906579,4.3794880621135235,27.253981,0,319988,8577696,2,1,9,27,0,6.7172910567236954e-9,5.36638078793561e-7
4baff1ed0e418148,12977812,m13h-1-1,NVIDIA H200,1.11.7,12.8.0,1,27000,flat,dense,Float64,4,false,20000,4,4,true,,2739,3322,1 8 64 510 2739,4561018,4561018,2941103,17380,1008,262.4291139240506,189.0,628.0,1149.772533,1409286144,1478492160,NaN,NaN,NaN,NaN,NaN,0.5498880054801702,0.7816320285201073,4.593248013406992,,0.7689920021221042,4.42268792539835,18.908286999999998,0,319988,7087968,2,1,9,27,0,6.7172910567236954e-9,5.366380787102942e-7
4baff1ed0e418148,12977812,m13h-1-1,NVIDIA H200,1.11.7,12.8.0,1,27000,hier12,concat,Float64,4,false,20000,4,4,true,,2739,3322,1 8 64 510 2739,1796874,752 159010 1637112,367179,3644,1955,493.10482985729965,180.0,1507.0,6.537864,100663296,203423744,0.975529,0.022011,0.108406,72.830118,0.05423,0.5497279926203191,0.769503996707499,309.40842628479004,29.001687 131.855887 132.0536,0.749472004827112,0.9267840068787336,324.093815,97660,100496,58779120,2,2,11,33,0,8.844852989603469e-7,3.221856793998723e-5
4baff1ed0e418148,12977812,m13h-1-1,NVIDIA H200,1.11.7,12.8.0,1,27000,hier12,factored,Float64,4,false,20000,4,4,true,,2739,3322,1 8 64 510 2739,1796874,752 159010 1637112,367179,3644,1955,493.10482985729965,180.0,1507.0,6.394847,100663296,203423744,0.980923,0.027165,0.109463,72.867152,0.053054,0.5495359655469656,0.7952640298753977,318.8944458961487,28.876847 131.245836 131.815999,0.7524799439124763,0.9296960197389126,324.209855,97660,100496,58779120,2,2,11,33,0,8.844852989742247e-7,3.2218567939988965e-5
4baff1ed0e418148,12977812,m13h-1-1,NVIDIA H200,1.11.7,12.8.0,1,27000,hier12,precomputed_y,Float64,4,false,20000,4,4,true,,2739,3322,1 8 64 510 2739,1796874,752 159010 1637112,367179,3644,1955,493.10482985729965,180.0,1507.0,10.499616,67108864,136314880,0.99458,0.022229,0.111416,66.504456,0.055134,0.5495040095411241,0.7829120149835944,97.3244160413742,15.617663 38.683686 38.706507,0.7965440163388848,0.9293759940192103,111.20551900000001,22620,25456,25230048,2,2,11,33,0,8.844852989881025e-7,3.2218567939988965e-5
4baff1ed0e418148,12977812,m13h-1-1,NVIDIA H200,1.11.7,12.8.0,1,27000,hier12,dense,Float64,4,false,20000,4,4,true,,2739,3322,1 8 64 510 2739,1796874,752 159010 1637112,367179,3644,1955,493.10482985729965,180.0,1507.0,77.854258,67108864,136314880,0.994847,0.022901,0.105102,69.269219,0.055272,0.5490559851750731,0.7775039994157851,75.13075321912766,14.440491 30.125413 30.064205,0.7963520474731922,0.9262719540856779,85.88059000000001,22620,25456,17286016,2,2,11,33,0,8.844852989881025e-7,3.22185679399907e-5
4baff1ed0e418148,12977812,m13h-1-1,NVIDIA H200,1.11.7,12.8.0,1,27000,hier3,concat,Float64,4,false,20000,4,4,true,,2739,3322,1 8 64 510 2739,397036,3096 53072 340868,63895,948,2347,418.8143459915612,143.0,1726.0,5.401841,67108864,169869312,0.98621,0.02241,0.107124,14.584719,0.052533,0.549120013602078,0.7591360481455922,69.34505701065063,22.68192 25.605911 25.589779,0.7525439723394811,0.6515200366266072,84.398478,23068,24280,19527888,2,2,11,33,0,3.8862926572527656e-5,0.0006529024469976441
4baff1ed0e418148,12977812,m13h-1-1,NVIDIA H200,1.11.7,12.8.0,1,27000,hier3,factored,Float64,4,false,20000,4,4,true,,2739,3322,1 8 64 510 2739,397036,3096 53072 340868,63895,948,2347,418.8143459915612,143.0,1726.0,5.473204,67108864,169869312,0.999869,0.024745,0.104371,14.624227,0.054053,0.549120013602078,0.7689599879086018,71.51693105697632,22.777959 25.58359 25.579704,0.7734079845249653,0.6498879520222545,85.215058,23068,24280,19527888,2,2,11,33,0,3.8862926572527656e-5,0.0006529024469976441
4baff1ed0e418148,12977812,m13h-1-1,NVIDIA H200,1.11.7,12.8.0,1,27000,hier3,precomputed_y,Float64,4,false,20000,4,4,true,,2739,3322,1 8 64 510 2739,397036,3096 53072 340868,63895,948,2347,418.8143459915612,143.0,1726.0,6.351873,67108864,136314880,0.87194,0.020165,0.09772,12.830124,0.047662,0.5493119824677706,0.7788160000927746,19.157951697707176,5.126992 7.077882 10.337908,0.7689920021221042,0.6500160088762641,28.790969,4108,5320,11059728,2,2,11,33,0,3.8862926572527656e-5,0.0006529024469976441
4baff1ed0e418148,12977812,m13h-1-1,NVIDIA H200,1.11.7,12.8.0,1,27000,hier3,dense,Float64,4,false,20000,4,4,true,,2739,3322,1 8 64 510 2739,397036,3096 53072 340868,63895,948,2347,418.8143459915612,143.0,1726.0,18.526415,33554432,102760448,0.879734,0.02,0.097392,12.831785,0.053279,0.5491840420290828,0.7833919953554869,13.626208528876305,3.421185 5.410819 5.375263,0.7653440115973353,0.6462400197051466,23.981564,4108,5320,8992880,2,2,11,33,0,3.886292657251378e-5,0.0006529024469975886
4baff1ed0e418148,12977812,m13h-1-1,NVIDIA H200,1.11.7,12.8.0,1,27000,flat,concat,Float64,4,false,20000,5,4,true,,12729,16051,1 8 64 510 2739 12729,145141134,145141134,16886307,0,0,0.0,0.0,0.0,533.169303,25870467072,26006781952,NaN,NaN,NaN,NaN,NaN,0.21020800340920687,1.000639982521534,673.7514138221741,,1.0307199554517865,8.70409607887268,832.3532769999999,88640,12535420,83650528,2,1,9,27,0,1.951356368157242e-9,2.4005706678043026e-7
4baff1ed0e418148,12977812,m13h-1-1,NVIDIA H200,1.11.7,12.8.0,1,27000,flat,factored,Float64,4,false,20000,5,4,true,,12729,16051,1 8 64 510 2739 12729,145141134,145141134,16886307,161744,5272,897.3509620140469,491.0,2464.0,640.157705,25702694912,25771900928,NaN,NaN,NaN,NaN,NaN,0.21094399562571198,1.0092799784615636,650.8144736289978,,1.0221760021522641,8.651328273117542,866.0197870000001,0,12446780,95843936,2,1,9,27,0,1.9513563542794543e-9,2.400570667665525e-7
4baff1ed0e418148,12977812,m13h-1-1,NVIDIA H200,1.11.7,12.8.0,1,27000,flat,precomputed_y,Float64,4,false,20000,5,4,true,,12729,16051,1 8 64 510 2739 12729,145141134,145141134,16886307,161744,5272,897.3509620140469,491.0,2464.0,3067.000594,25769803776,25839009792,NaN,NaN,NaN,NaN,NaN,0.21027200273238122,0.9766080183908343,400.64308047294617,,1.0250878985971212,8.658303879201412,602.854881,0,12446780,77933072,2,1,9,27,0,1.9513563612183482e-9,2.4005706678043026e-7
4baff1ed0e418148,12977812,m13h-1-1,NVIDIA H200,1.11.7,12.8.0,1,27000,flat,dense,Float64,4,false,20000,5,4,true,,12729,16051,1 8 64 510 2739 12729,145141134,145141134,16886307,161744,5272,897.3509620140469,491.0,2464.0,10383.750339,26809991168,26879197184,NaN,NaN,NaN,NaN,NaN,0.21065599867142737,1.006175996735692,135.2589726448059,,1.006911974400282,8.708127774298191,321.416882,0,12446780,33200144,2,1,9,27,0,1.951356368157242e-9,2.4005706678043026e-7
4baff1ed0e418148,12977812,m13h-1-1,NVIDIA H200,1.11.7,12.8.0,1,27000,hier12,concat,Float64,4,false,20000,5,4,true,,12729,16051,1 8 64 510 2739 12729,9156646,752 159010 1637112 7359772,1274907,5384,6870,1700.714338781575,609.0,5991.0,8.102337,369098752,471859200,1.033552,0.023629,0.159805,107.717925,0.063686,0.20975999359507114,0.959615979809314,448.0551481246948,29.462887 145.0838 250.45313 132.021498,1.00320007186383,0.3956159926019609,465.132116,219460,229960,108576384,2,2,11,33,0,9.06500314853953e-7,3.418479544174853e-5
4baff1ed0e418148,12977812,m13h-1-1,NVIDIA H200,1.11.7,12.8.0,1,27000,hier12,factored,Float64,4,false,20000,5,4,true,,12729,16051,1 8 64 510 2739 12729,9156646,752 159010 1637112 7359772,1274907,5384,6870,1700.714338781575,609.0,5991.0,7.375435,369098752,471859200,1.037966,0.0232,0.15919,103.233268,0.06368,0.20979200780857354,0.9440319845452905,444.200724363327,29.357344 132.732028 132.898656 131.327199,1.0170240420848131,0.39593601832166314,481.03447700000004,219460,229960,108576384,2,2,11,33,0,9.06500314853953e-7,3.418479544173118e-5
4baff1ed0e418148,12977812,m13h-1-1,NVIDIA H200,1.11.7,12.8.0,1,27000,hier12,precomputed_y,Float64,4,false,20000,5,4,true,,12729,16051,1 8 64 510 2739 12729,9156646,752 159010 1637112 7359772,1274907,5384,6870,1700.714338781575,609.0,5991.0,11.467788,201326592,270532608,1.053265,0.023979,0.164514,94.716918,0.064935,0.21155198919586837,0.9844159940257668,147.38227427005768,15.576411 38.686357 38.69619 46.801667,1.0170240420848131,0.3974399878643453,194.88476,109620,120120,60575952,2,2,11,33,0,9.065003148678308e-7,3.4184795441727714e-5
4baff1ed0e418148,12977812,m13h-1-1,NVIDIA H200,1.11.7,12.8.0,1,27000,hier12,dense,Float64,4,false,20000,5,4,true,,12729,16051,1 8 64 510 2739 12729,9156646,752 159010 1637112 7359772,1274907,5384,6870,1700.714338781575,609.0,5991.0,89.611735,201326592,270532608,1.040624,0.023787,0.155591,94.591178,0.061611,0.2098560071317479,1.9632959738373756,99.71561282873154,14.175154 29.247097 29.147123 29.41243,1.0127039859071374,0.3925119817722589,141.935098,109620,120120,47780320,2,2,11,33,0,9.065003148400752e-7,3.4184795441743326e-5
4baff1ed0e418148,12977812,m13h-1-1,NVIDIA H200,1.11.7,12.8.0,1,27000,hier3,concat,Float64,4,false,20000,5,4,true,,12729,16051,1 8 64 510 2739 12729,1686178,3096 53072 340868 1289142,209075,1264,7467,1334.001582278481,300.0,3447.0,6.32948,268435456,371195904,1.049205,0.023375,0.11224,19.711105,0.065362,0.21011200442444533,0.960511970333755,97.50201553106308,21.947907 24.661522 24.601306 24.541256,0.999456038698554,0.24031999055296183,137.852701,45188,48116,49871168,2,2,11,33,0,3.892650077168269e-5,0.0007731517783879094
4baff1ed0e418148,12977812,m13h-1-1,NVIDIA H200,1.11.7,12.8.0,1,27000,hier3,factored,Float64,4,false,20000,5,4,true,,12729,16051,1 8 64 510 2739 12729,1686178,3096 53072 340868 1289142,209075,1264,7467,1334.001582278481,300.0,3447.0,6.287324,268435456,371195904,1.053296,0.023395,0.115572,20.285581,0.063101,0.21004800510127097,0.9545279899612069,98.53973984718323,21.924837 24.627812 24.558833 27.826261,1.0009600082412362,0.23964799765963107,126.76162,45188,48116,49871168,2,2,11,33,0,3.892650077168269e-5,0.0007731517783879094
4baff1ed0e418148,12977812,m13h-1-1,NVIDIA H200,1.11.7,12.8.0,1,27000,hier3,precomputed_y,Float64,4,false,20000,5,4,true,,12729,16051,1 8 64 510 2739 12729,1686178,3096 53072 340868 1289142,209075,1264,7467,1334.001582278481,300.0,3447.0,8.024456,134217728,203423744,0.987507,0.021995,0.104909,17.636596,0.060578,0.2098560071317479,0.9771520271897316,27.526238933205605,5.15034 7.097492 7.027686 8.345167,0.9707839926704764,0.24035200476646423,69.893841,19908,22836,38756448,2,2,11,33,0,3.892650077168269e-5,0.0007731517783878955
4baff1ed0e418148,12977812,m13h-1-1,NVIDIA H200,1.11.7,12.8.0,1,27000,hier3,dense,Float64,4,false,20000,5,4,true,,12729,16051,1 8 64 510 2739 12729,1686178,3096 53072 340868 1289142,209075,1264,7467,1334.001582278481,300.0,3447.0,19.258672,100663296,169869312,1.012422,0.022553,0.111879,17.432317,0.059952,0.2095039963023737,0.9722880204208195,18.919136375188828,3.320775 5.326149 5.210936 5.294955,1.007583923637867,0.24108799698296934,60.754335,19908,22836,35830704,2,2,11,33,0,3.892650077169657e-5,0.0007731517783877845
4baff1ed0e418148,12977812,m13h-1-1,NVIDIA H200,1.11.7,12.8.0,1,27000,flat,concat,Float64,4,false,200000,3,4,true,,512,585,1 8 64 512,36816,36816,225328,0,0,0.0,0.0,0.0,12.97521,369098752,438304768,NaN,NaN,NaN,NaN,NaN,22.461537271738052,0.5853440379723907,0.25644799461588264,,0.5786880501545966,481.7845821380615,525.485594,80,8880,1765888,2,1,9,27,0,NaN,NaN
4baff1ed0e418148,12977812,m13h-1-1,NVIDIA H200,1.11.7,12.8.0,1,27000,flat,factored,Float64,4,false,200000,3,4,true,,512,585,1 8 64 512,36816,36816,225328,1632,48,22.558823529411764,21.0,42.0,9.976527,100663296,169869312,NaN,NaN,NaN,NaN,NaN,22.47232012450695,0.5892480257898569,0.20553599460981786,,0.5777599872089922,484.16998982429504,527.479361,0,8800,1649440,2,1,9,27,0,NaN,NaN
4baff1ed0e418148,12977812,m13h-1-1,NVIDIA H200,1.11.7,12.8.0,1,27000,flat,precomputed_y,Float64,4,false,200000,3,4,true,,512,585,1 8 64 512,36816,36816,225328,1632,48,22.558823529411764,21.0,42.0,12.30281,100663296,169869312,NaN,NaN,NaN,NaN,NaN,22.470111027359962,0.5907199811190367,0.13468800170812756,,0.5758079933002591,481.82421922683716,527.424871,0,8800,1733968,2,1,9,27,0,NaN,NaN
4baff1ed0e418148,12977812,m13h-1-1,NVIDIA H200,1.11.7,12.8.0,1,27000,flat,dense,Float64,4,false,200000,3,4,true,,512,585,1 8 64 512,36816,36816,225328,1632,48,22.558823529411764,21.0,42.0,76.303298,100663296,169869312,NaN,NaN,NaN,NaN,NaN,22.388897836208344,0.5856320494785905,0.04192000051261857,,0.574303965549916,481.86278343200684,523.465536,0,8800,1635296,2,1,9,27,0,NaN,NaN
4baff1ed0e418148,12977812,m13h-1-1,NVIDIA H200,1.11.7,12.8.0,1,27000,hier12,concat,Float64,4,false,200000,3,4,true,,512,585,1 8 64 512,160944,752 160192,53824,1904,256,84.52941176470588,72.0,180.0,10.091305,67108864,169869312,2.416836,0.021071,0.130313,43.28502,0.04775,22.465631365776062,0.5869439919479191,170.06506025791168,29.045455 130.76022,0.6118399905972183,309.28701162338257,515.129322,43720,46128,29644032,2,2,11,33,0,NaN,NaN
4baff1ed0e418148,12977812,m13h-1-1,NVIDIA H200,1.11.7,12.8.0,1,27000,hier12,factored,Float64,4,false,200000,3,4,true,,512,585,1 8 64 512,160944,752 160192,53824,1904,256,84.52941176470588,72.0,180.0,9.715602,67108864,169869312,2.380634,0.02116,0.130988,46.344044,0.045807,22.469600662589073,0.6021119770593941,169.19027268886566,36.603483 131.223183,0.5957440007477999,308.11455845832825,514.723683,43720,46128,29644016,2,2,11,33,0,NaN,NaN
4baff1ed0e418148,12977812,m13h-1-1,NVIDIA H200,1.11.7,12.8.0,1,27000,hier12,precomputed_y,Float64,4,false,200000,3,4,true,,512,585,1 8 64 512,160944,752 160192,53824,1904,256,84.52941176470588,72.0,180.0,13.350811,67108864,136314880,2.384027,0.021851,0.129468,41.554555,0.047728,22.399039939045906,0.5883839912712574,56.64025619626045,16.228644 41.0471,0.6074240081943572,309.12891030311584,411.910246,3480,5888,11727120,2,2,11,33,0,NaN,NaN
4baff1ed0e418148,12977812,m13h-1-1,NVIDIA H200,1.11.7,12.8.0,1,27000,hier12,dense,Float64,4,false,200000,3,4,true,,512,585,1 8 64 512,160944,752 160192,53824,1904,256,84.52941176470588,72.0,180.0,81.342405,67108864,136314880,2.467701,0.022581,0.135906,41.010987,0.049778,22.398080676794052,0.5870400345884264,43.482303619384766,14.353028 29.555282,0.6053120014257729,308.2633316516876,399.90578300000004,3480,5888,7430112,2,2,11,33,0,NaN,NaN
4baff1ed0e418148,12977812,m13h-1-1,NVIDIA H200,1.11.7,12.8.0,1,27000,hier3,concat,Float64,4,false,200000,3,4,true,,512,585,1 8 64 512,56448,3096 53352,10648,632,384,89.31645569620254,27.0,288.0,8.943883,67108864,136314880,2.415953,0.021891,0.134105,8.88843,0.051464,22.46832102537155,0.5775039899162948,47.56595194339752,22.83522 25.47994,0.5924159777350724,299.02300238609314,396.318549,13272,15376,9810448,2,2,11,33,0,NaN,NaN
4baff1ed0e418148,12977812,m13h-1-1,NVIDIA H200,1.11.7,12.8.0,1,27000,hier3,factored,Float64,4,false,200000,3,4,true,,512,585,1 8 64 512,56448,3096 53352,10648,632,384,89.31645569620254,27.0,288.0,8.99283,67108864,136314880,2.362085,0.021429,0.12589,9.034152,0.045607,22.46844954788685,0.5848960136063397,47.667838633060455,22.9359 25.703566,0.5905280122533441,299.05909299850464,395.846103,13272,15376,9810448,2,2,11,33,0,NaN,NaN
4baff1ed0e418148,12977812,m13h-1-1,NVIDIA H200,1.11.7,12.8.0,1,27000,hier3,precomputed_y,Float64,4,false,200000,3,4,true,,512,585,1 8 64 512,56448,3096 53352,10648,632,384,89.31645569620254,27.0,288.0,9.773212,67108864,136314880,2.403786,0.021813,0.130806,7.988386,0.044458,22.467872127890587,0.587455986533314,12.322911992669106,5.438312 7.482244,0.5795839824713767,298.8039255142212,362.76474800000005,632,2736,4181248,2,2,11,33,0,NaN,NaN
4baff1ed0e418148,12977812,m13h-1-1,NVIDIA H200,1.11.7,12.8.0,1,27000,hier3,dense,Float64,4,false,200000,3,4,true,,512,585,1 8 64 512,56448,3096 53352,10648,632,384,89.31645569620254,27.0,288.0,22.007188,67108864,136314880,2.345264,0.021435,0.136055,7.958575,0.044527,22.40448072552681,0.5827840068377554,8.474367670714855,3.426559 5.454433,0.5813440075144172,298.0283498764038,353.52198699999997,632,2736,2776720,2,2,11,33,0,NaN,NaN
4baff1ed0e418148,12977812,m13h-1-1,NVIDIA H200,1.11.7,12.8.0,1,27000,flat,concat,Float64,4,false,200000,4,4,true,,2744,3329,1 8 64 512 2744,4582920,4582920,2946616,0,0,0.0,0.0,0.0,30.865331,1610612736,1679818752,NaN,NaN,NaN,NaN,NaN,3.5742081236094236,0.7775359554216266,21.287230774760246,,0.7591999601572752,159.0096950531006,211.97722199999998,2800,324776,8796592,2,1,9,27,0,NaN,NaN
4baff1ed0e418148,12977812,m13h-1-1,NVIDIA H200,1.11.7,12.8.0,1,27000,flat,factored,Float64,4,false,200000,4,4,true,,2744,3329,1 8 64 512 2744,4582920,4582920,2946616,17382,1008,263.6589575422851,189.0,630.0,36.805476,1342177280,1411383296,NaN,NaN,NaN,NaN,NaN,3.575264010578394,0.7834560237824917,20.680448040366173,,0.8006719872355461,159.3630015850067,211.72242,0,321976,9093600,2,1,9,27,0,NaN,NaN
4baff1ed0e418148,12977812,m13h-1-1,NVIDIA H200,1.11.7,12.8.0,1,27000,flat,precomputed_y,Float64,4,false,200000,4,4,true,,2744,3329,1 8 64 512 2744,4582920,4582920,2946616,17382,1008,263.6589575422851,189.0,630.0,116.86518,1342177280,1411383296,NaN,NaN,NaN,NaN,NaN,3.5695359110832214,0.7853119750507176,12.821536511182785,,0.772192026488483,159.27754342556,203.217602,0,321976,8615280,2,1,9,27,0,NaN,NaN
4baff1ed0e418148,12977812,m13h-1-1,NVIDIA H200,1.11.7,12.8.0,1,27000,flat,dense,Float64,4,false,200000,4,4,true,,2744,3329,1 8 64 512 2744,4582920,4582920,2946616,17382,1008,263.6589575422851,189.0,630.0,1140.423682,1442840576,1512046592,NaN,NaN,NaN,NaN,NaN,3.5715200938284397,0.7859200122766197,4.60838433355093,,0.7724480237811804,159.29168462753296,194.781002,0,321976,7120496,2,1,9,27,0,NaN,NaN
4baff1ed0e418148,12977812,m13h-1-1,NVIDIA H200,1.11.7,12.8.0,1,27000,hier12,concat,Float64,4,false,200000,4,4,true,,2744,3329,1 8 64 512 2744,1800440,752 160192 1639496,367744,3644,1960,494.0834248079034,180.0,1512.0,10.165545,134217728,236978176,2.541513,0.023775,0.126432,74.987581,0.055003,3.572192043066025,0.7685760501772165,308.78379940986633,29.076098 131.503047 142.82678,0.7406079676002264,25.460030883550644,357.111342,97660,101908,58811664,2,2,11,33,0,NaN,NaN
4baff1ed0e418148,12977812,m13h-1-1,NVIDIA H200,1.11.7,12.8.0,1,27000,hier12,factored,Float64,4,false,200000,4,4,true,,2744,3329,1 8 64 512 2744,1800440,752 160192 1639496,367744,3644,1960,494.0834248079034,180.0,1512.0,10.222676,134217728,236978176,2.520174,0.023648,0.120316,73.139079,0.054165,3.5711999516934156,0.8067839662544429,308.3857297897339,29.052947 131.947847 132.684698,0.75193599332124,25.74956975877285,359.976672,97660,101908,58811664,2,2,11,33,0,NaN,NaN
4baff1ed0e418148,12977812,m13h-1-1,NVIDIA H200,1.11.7,12.8.0,1,27000,hier12,precomputed_y,Float64,4,false,200000,4,4,true,,2744,3329,1 8 64 512 2744,1800440,752 160192 1639496,367744,3644,1960,494.0834248079034,180.0,1512.0,14.238625,100663296,169869312,2.560898,0.023841,0.121221,66.605615,0.054258,3.56931216083467,0.7764800102449954,97.50355780124664,15.648557 38.757545 38.628875,0.8028159500099719,25.74867196381092,148.98388500000001,22620,26868,25262592,2,2,11,33,0,NaN,NaN
4baff1ed0e418148,12977812,m13h-1-1,NVIDIA H200,1.11.7,12.8.0,1,27000,hier12,dense,Float64,4,false,200000,4,4,true,,2744,3329,1 8 64 512 2744,1800440,752 160192 1639496,367744,3644,1960,494.0834248079034,180.0,1512.0,81.673718,100663296,169869312,2.145373,0.022672,0.112478,77.356553,0.052595,3.5677440464496613,0.7854400319047272,75.64431428909302,14.5028 35.200047 33.973798,0.8042880217544734,25.57395212352276,122.46006,22620,26868,17318576,2,2,11,33,0,NaN,NaN
4baff1ed0e418148,12977812,m13h-1-1,NVIDIA H200,1.11.7,12.8.0,1,27000,hier3,concat,Float64,4,false,200000,4,4,true,,2744,3329,1 8 64 512 2744,397672,3096 53352 341224,64000,948,2352,419.48523206751054,144.0,1728.0,9.283396,100663296,203423744,2.551886,0.022118,0.113866,14.211584,0.05525,3.567296080291271,0.7660160190425813,69.35549527406693,22.781448 108.996041 24.138417,0.7476480095647275,9.63843148201704,111.74157799999999,23068,25688,19560448,2,2,11,33,0,NaN,NaN
4baff1ed0e418148,12977812,m13h-1-1,NVIDIA H200,1.11.7,12.8.0,1,27000,hier3,factored,Float64,4,false,200000,4,4,true,,2744,3329,1 8 64 512 2744,397672,3096 53352 341224,64000,948,2352,419.48523206751054,144.0,1728.0,9.221535,100663296,203423744,2.531256,0.022838,0.116828,14.289636,0.057658,3.567296080291271,0.7646080339327455,69.80009377002716,22.909808 108.291068 24.025872,0.7544319960288703,9.648832492530346,111.976596,23068,25688,19560448,2,2,11,33,0,NaN,NaN
4baff1ed0e418148,12977812,m13h-1-1,NVIDIA H200,1.11.7,12.8.0,1,27000,hier3,precomputed_y,Float64,4,false,200000,4,4,true,,2744,3329,1 8 64 512 2744,397672,3096 53352 341224,64000,948,2352,419.48523206751054,144.0,1728.0,10.214137,100663296,169869312,2.497808,0.030309,0.105218,12.839363,0.052088,3.5669119097292423,0.7787520298734307,19.15782317519188,5.183122 7.213618 7.484485,0.7809280068613589,9.585375897586346,52.19684,4108,6728,11092288,2,2,11,33,0,NaN,NaN
4baff1ed0e418148,12977812,m13h-1-1,NVIDIA H200,1.11.7,12.8.0,1,27000,hier3,dense,Float64,4,false,200000,4,4,true,,2744,3329,1 8 64 512 2744,397672,3096 53352 341224,64000,948,2352,419.48523206751054,144.0,1728.0,22.360061,67108864,136314880,2.493896,0.022707,0.103427,12.909067,0.05186,3.5678078420460224,0.7847040542401373,13.617055490612984,3.447213 5.452287 5.396911,0.7793279946781695,9.561856277287006,47.444911,4108,6728,9025440,2,2,11,33,0,NaN,NaN
4baff1ed0e418148,12977812,m13h-1-1,NVIDIA H200,1.11.7,12.8.0,1,27000,flat,concat,Float64,4,false,200000,5,4,true,,21724,25053,1 8 64 512 2744 21724,426826100,426826100,45106076,0,0,0.0,0.0,0.0,1304.472758,67310190592,67547168768,NaN,NaN,NaN,NaN,NaN,0.7384640048258007,1.0111998999491334,1979.2978763580322,,1.3690240448340774,102.8616651892662,2403.470538,260560,21503548,197847376,2,1,9,27,0,NaN,NaN
4baff1ed0e418148,12977812,m13h-1-1,NVIDIA H200,1.11.7,12.8.0,1,27000,flat,factored,Float64,4,false,200000,5,4,true,,21724,25053,1 8 64 512 2744 21724,426826100,426826100,45106076,163254,14174,2614.490915995933,1574.0,6813.700000000012,1509.918664,67142418432,67211624448,NaN,NaN,NaN,NaN,NaN,0.7380800088867545,1.0190400062128901,1911.7695093154907,,1.0457600001245737,102.89370268583298,2451.779603,0,21242988,233944672,2,1,9,27,0,NaN,NaN
4baff1ed0e418148,12977812,m13h-1-1,NVIDIA H200,1.11.7,12.8.0,1,27000,flat,precomputed_y,Float64,4,false,200000,5,4,true,,21724,25053,1 8 64 512 2744 21724,426826100,426826100,45106076,163254,14174,2614.490915995933,1574.0,6813.700000000012,3924.68077,67209527296,67278733312,NaN,NaN,NaN,NaN,NaN,0.7372800027951598,1.0307199554517865,1172.031283378601,,0.9823680156841874,103.1016930937767,1730.488325,0,21242988,181097632,2,1,9,27,0,NaN,NaN
4baff1ed0e418148,12977812,m13h-1-1,NVIDIA H200,1.11.7,12.8.0,1,27000,flat,dense,Float64,4,false,200000,5,4,false,ArgumentError: DenseTranslationM2L device persistent payload exceeds max_persistent_bytes (=4294967296 bytes (4096.0 MiB)): dense operators=1234880000 bytes (1177.67333984375 MiB); route metadata=4295955200 bytes; expansion buffers=0 bytes (0.0 MiB); packing/application slabs=6553600 bytes (6.25 MiB); other scratch=0 bytes (0.0 MiB); persistent total=5537388800 bytes (5280.865478515625 MiB); estimated device peak=60463761584 bytes (57662.73649597168 MiB); D=25; classes=246976; chunk=16384. Lower P; disable Lamb-Helmholtz; reduce the applicable scratch chunk (DENSE_CUDA_CHUNK); or select PrecomputedFactoredYM2L / FactoredRotationM2L / ConcatenatedFixedZM2L (5-30x smaller footprint); chunking does not reduce dense operator storage.,0,0,,0,,0,0,0,0.0,0.0,0.0,NaN,0,0,NaN,NaN,NaN,NaN,NaN,NaN,NaN,NaN,,NaN,NaN,NaN,0,0,0,0,0,0,0,0,NaN,NaN
4baff1ed0e418148,12977812,m13h-1-1,NVIDIA H200,1.11.7,12.8.0,1,27000,hier12,concat,Float64,4,false,200000,5,4,true,,21724,25053,1 8 64 512 2744 21724,21675006,752 160192 1639496 19874566,3376256,5384,18515,4025.818350668648,828.0,15920.0,12.003992,603979776,706740224,2.592527,0.023347,0.203772,119.418404,0.069153,0.737887981813401,1.0144640691578388,451.27180218696594,29.413935 133.164647 132.505789 146.773252,1.015295973047614,5.377504043281078,532.509321,280360,298992,125190336,2,2,11,33,0,NaN,NaN
4baff1ed0e418148,12977812,m13h-1-1,NVIDIA H200,1.11.7,12.8.0,1,27000,hier12,factored,Float64,4,false,200000,5,4,true,,21724,25053,1 8 64 512 2744 21724,21675006,752 160192 1639496 19874566,3376256,5384,18515,4025.818350668648,828.0,15920.0,11.740415,603979776,706740224,2.606093,0.023558,0.20175,119.525761,0.064861,0.7378240115940571,1.0012799175456166,463.498592376709,29.090284 131.784389 131.824123 146.803089,1.0250560007989407,5.392288323491812,530.791651,280360,298992,125190336,2,2,11,33,0,NaN,NaN
4baff1ed0e418148,12977812,m13h-1-1,NVIDIA H200,1.11.7,12.8.0,1,27000,hier12,precomputed_y,Float64,4,false,200000,5,4,true,,21724,25053,1 8 64 512 2744 21724,21675006,752 160192 1639496 19874566,3376256,5384,18515,4025.818350668648,828.0,15920.0,15.630635,335544320,404750336,2.560292,0.025074,0.2009,159.06561,0.065165,0.7462080102413893,0.9847040055319667,178.7794530391693,67.413489 38.677966 38.598587 79.439427,0.9769280441105366,5.368735641241074,255.48154899999997,170520,189152,80941248,2,2,11,33,0,NaN,NaN
4baff1ed0e418148,12977812,m13h-1-1,NVIDIA H200,1.11.7,12.8.0,1,27000,hier12,dense,Float64,4,false,200000,5,4,true,,21724,25053,1 8 64 512 2744 21724,21675006,752 160192 1639496 19874566,3376256,5384,18515,4025.818350668648,828.0,15920.0,95.459957,335544320,404750336,2.602659,0.024539,0.200973,99.711245,0.069094,0.7409279933199286,1.1034560156986117,106.7049652338028,14.031423 28.705653 28.51282 35.868172,1.0136320488527417,5.363584030419588,191.826207,170520,189152,64360576,2,2,11,33,0,NaN,NaN
4baff1ed0e418148,12977812,m13h-1-1,NVIDIA H200,1.11.7,12.8.0,1,27000,hier3,concat,Float64,4,false,200000,5,4,true,,21724,25053,1 8 64 512 2744 21724,3895658,3096 53352 341224 3497986,544798,1264,20064,3082.0079113924053,300.0,9654.0,18.299969,469762048,572522496,3.394243,0.023703,0.135385,22.126857,0.061459,0.7383360061794519,1.0127039859071374,101.1015996336937,21.955597 24.264217 24.245788 26.421444,1.0193599155172706,1.4300160109996796,176.02553,56248,61964,66457696,2,2,11,33,0,NaN,NaN
4baff1ed0e418148,12977812,m13h-1-1,NVIDIA H200,1.11.7,12.8.0,1,27000,hier3,factored,Float64,4,false,200000,5,4,true,,21724,25053,1 8 64 512 2744 21724,3895658,3096 53352 341224 3497986,544798,1264,20064,3082.0079113924053,300.0,9654.0,10.67867,469762048,572522496,3.410382,0.022789,0.12979,22.077292,0.063136,0.7369599770754576,1.0049280244857073,100.25960952043533,21.859566 24.283066 24.2018 26.397417,1.0029120603576303,1.4252800028771162,175.831612,56248,61964,66457664,2,2,11,33,0,NaN,NaN
4baff1ed0e418148,12977812,m13h-1-1,NVIDIA H200,1.11.7,12.8.0,1,27000,hier3,precomputed_y,Float64,4,false,200000,5,4,true,,21724,25053,1 8 64 512 2744 21724,3895658,3096 53352 341224 3497986,544798,1264,20064,3082.0079113924053,300.0,9654.0,12.323992,201326592,270532608,2.591263,0.023228,0.122102,20.243314,0.061564,0.7362880278378725,0.9834880474954844,34.587424248456955,5.46857 7.727587 7.615798 14.400252,1.0145599953830242,1.4253120170906186,105.22247899999999,30968,36684,56012256,2,2,11,33,0,NaN,NaN
4baff1ed0e418148,12977812,m13h-1-1,NVIDIA H200,1.11.7,12.8.0,1,27000,hier3,dense,Float64,4,false,200000,5,4,true,,21724,25053,1 8 64 512 2744 21724,3895658,3096 53352 341224 3497986,544798,1264,20064,3082.0079113924053,300.0,9654.0,23.410574,201326592,270532608,2.55218,0.023425,0.119631,19.243058,0.060885,0.7360000163316727,0.9799039689823985,20.09686455130577,3.494214 5.587361 5.49392 6.53174,0.9798079263418913,1.4314880827441812,88.98850499999999,30968,36684,52411152,2,2,11,33,0,NaN,NaN
