host,gpu,variant,precision,P,lh,n,ell,fit,note,routes,n_direct,nonempty_classes,max_class,mean_class,construction_ms,persistent_device_bytes,peak_device_bytes,dense_operator_bytes,dense_persistent_bytes,dense_estimated_peak_bytes,chunk,whole_pass,b2m_ms,m2m_ms,m2l_ms,l2l_ms,l2b_ms,m2l_device_alloc_bytes,full_step_ms,full_step_host_alloc_bytes,err_potential,err_gradient
m13h-1-2,NVIDIA H200,concat,Float64,4,false,150,3,true,,1684,15216,0,0,0.0,26458.651744,134217728,207618048,0,0,0,16384,true,0.10422399645904079,0.6365439621731639,0.2840959932655096,0.6137280142866075,0.11020799865946174,80,4.587746,1241280,6.450759322540467e-9,3.4986016214308413e-7
m13h-1-2,NVIDIA H200,factored,Float64,4,false,150,3,true,,1684,15216,928,7,1.8146551724137931,839.286596,33554432,102760448,0,0,0,16384,true,0.10185599967371672,0.6066560163162649,0.056191998737631366,0.5894399946555495,0.10985600238200277,0,4.181862,1076368,6.450759322540467e-9,3.4986016214308413e-7
m13h-1-2,NVIDIA H200,precomputed_y,Float64,4,false,150,3,true,,1684,15216,928,7,1.8146551724137931,1242.280862,33554432,102760448,0,0,0,16384,true,0.10140799713553861,0.5991680081933737,0.042079998820554465,0.5847039865329862,0.11107199679827318,0,4.1208540000000005,1078768,6.450759322540467e-9,3.49860162150023e-7
m13h-1-2,NVIDIA H200,dense,Float64,4,false,150,3,true,,1684,15216,928,7,1.8146551724137931,954.556399,33554432,102760448,7920000,14569936,14569936,16384,true,0.10073599696625024,0.5986239993944764,20.060991868376732,0.6141759804449975,0.1108799988287501,14848,24.511941,2562240,6.450759343357149e-9,3.498601621396147e-7
m13h-1-2,NVIDIA H200,dense_perclass,Float64,4,false,150,3,true,,1684,15216,928,7,1.8146551724137931,66.835533,33554432,102760448,7920000,14569936,14569936,16384,false,0.10089600255014375,0.604800006840378,27.088448405265808,0.5985599709674716,0.11078399984398857,14848,31.872375,3926784,6.450759343357149e-9,3.4986016215349247e-7
m13h-1-2,NVIDIA H200,dense,Float32,4,false,150,3,true,,1684,15216,928,7,1.8146551724137931,5887.276135,123731968,192937984,3960000,7333136,7333136,16384,true,0.0657600030535832,0.5915199872106314,19.28704045712948,0.581184052862227,0.08662399341119453,7424,23.960721,2557312,2.740033408499265e-8,8.553542014677618e-7
m13h-1-2,NVIDIA H200,dense_perclass,Float32,4,false,150,3,true,,1684,15216,928,7,1.8146551724137931,790.613637,33554432,102760448,3960000,7333136,7333136,16384,false,0.0655999974696897,0.5836160271428525,26.88739262521267,0.5806080298498273,0.08681599865667522,7424,31.264326,3921856,2.8227281054227227e-8,8.553542014677618e-7
m13h-1-2,NVIDIA H200,concat,Float64,4,true,150,3,true,,1122,16302,0,0,0.0,1200.860313,167772160,236978176,0,0,0,16384,true,0.08086399611784145,1.388799981214106,0.5920639960095286,1.363168004900217,0.12880000576842576,160,6.514133,1586920,NaN,1.4429127450504842e-7
m13h-1-2,NVIDIA H200,factored,Float64,4,true,150,3,true,,1122,16302,696,5,1.6120689655172413,383.876897,67108864,136314880,0,0,0,16384,true,0.07961600203998387,1.3039360055699944,0.12588800746016204,1.2779840035364032,0.12694401084445417,0,5.7219690000000005,1375584,NaN,1.4429127450504842e-7
m13h-1-2,NVIDIA H200,precomputed_y,Float64,4,true,150,3,true,,1122,16302,696,5,1.6120689655172413,397.726836,67108864,136314880,0,0,0,16384,true,0.07929599814815447,1.2981760082766414,0.10108800051966682,1.2819200055673718,0.12703999527730048,0,5.6687140000000005,1376432,NaN,1.4429127450504842e-7
m13h-1-2,NVIDIA H200,dense,Float64,4,true,150,3,true,,1122,16302,696,5,1.6120689655172413,1138.505536,67108864,169869312,40722624,56808880,56808880,16384,true,0.07939200440887362,1.3009599642828107,14.736960642039776,1.2879360001534224,0.12675199832301587,11136,20.810378,2466240,NaN,1.442912745189262e-7
m13h-1-2,NVIDIA H200,dense_perclass,Float64,4,true,150,3,true,,1122,16302,696,5,1.6120689655172413,278.781665,67108864,169869312,40722624,56808880,56808880,16384,false,0.07897599425632507,1.2991039548069239,21.053247153759003,1.283808029256761,0.12675199832301587,11136,27.318865000000002,3711680,NaN,1.4429127450504842e-7
m13h-1-2,NVIDIA H200,dense,Float32,4,true,150,3,true,,1122,16302,696,5,1.6120689655172413,5052.053965,33554432,136314880,20361312,28452176,28452176,16384,true,0.05235199932940304,1.2706560082733631,14.891584403812885,1.25801598187536,0.10153599578188732,5568,20.310114000000002,2457616,NaN,1.198984422412508e-6
m13h-1-2,NVIDIA H200,dense_perclass,Float32,4,true,150,3,true,,1122,16302,696,5,1.6120689655172413,2832.573969,33554432,136314880,20361312,28452176,28452176,16384,false,0.05196799975237809,1.2596480082720518,20.78867144882679,1.2451200745999813,0.10086400288855657,5568,26.172915,3703056,NaN,1.2585890671878985e-6
m13h-1-2,NVIDIA H200,concat,Float64,8,false,150,3,true,,11900,5000,0,0,0.0,8.898671,167772160,236978176,0,0,0,16384,true,0.550016004126519,0.6248639547266066,0.29664000612683594,0.6106560467742383,0.5612479872070253,80,4.936791,1241568,3.546098414908272e-10,2.5811966911093442e-8
m13h-1-2,NVIDIA H200,factored,Float64,8,false,150,3,true,,11900,5000,2506,20,4.748603351955308,11.187132,67108864,136314880,0,0,0,16384,true,0.5508800386451185,0.6173760048113763,0.17417599156033248,0.5980479763820767,0.5608639912679791,0,4.680186,1171872,3.546098414908272e-10,2.5811966931910124e-8
m13h-1-2,NVIDIA H200,precomputed_y,Float64,8,false,150,3,true,,11900,5000,2506,20,4.748603351955308,33.541273,100663296,169869312,0,0,0,16384,true,0.5487999878823757,0.6201919750310481,0.1128959993366152,0.6105600041337311,0.5613440298475325,0,4.702848,1174272,3.546098276130394e-10,2.5811966931910124e-8
m13h-1-2,NVIDIA H200,dense,Float64,8,false,150,3,true,,11900,5000,2506,20,4.748603351955308,1761.0044,201326592,304087040,163972512,185308672,185308672,16384,true,0.5493760108947754,0.6107199587859213,58.5828460752964,0.6180800264701247,0.5626239581033587,40096,62.387423999999996,5233040,3.546098414908272e-10,2.5811966883337867e-8
m13h-1-2,NVIDIA H200,dense_perclass,Float64,8,false,150,3,true,,11900,5000,2506,20,4.748603351955308,1768.410819,201326592,304087040,163972512,185308672,185308672,16384,false,0.5492159980349243,0.6240959628485143,80.43436706066132,0.6077439757063985,0.5612479872070253,40096,85.726135,8920400,3.546098414908272e-10,2.5811966876398973e-8
m13h-1-2,NVIDIA H200,dense,Float32,8,false,150,3,true,,11900,5000,2506,20,4.748603351955308,24277.05184,100663296,203423744,81986256,92705584,92705584,16384,true,0.36272002034820616,0.6224960088729858,53.675584495067596,0.6147199892438948,0.40694401832297444,20048,58.715349,5228112,2.754104168334326e-8,4.822928190706399e-7
m13h-1-2,NVIDIA H200,dense_perclass,Float32,8,false,150,3,true,,11900,5000,2506,20,4.748603351955308,24291.69025,100663296,203423744,81986256,92705584,92705584,16384,false,0.36259202170185745,0.6229119608178735,71.9827190041542,0.5941119743511081,0.40646400884725153,20048,76.660725,8915472,2.754104168334326e-8,4.822928190706399e-7
m13h-1-2,NVIDIA H200,concat,Float64,8,true,150,3,true,,12880,5076,0,0,0.0,11.952868,436207616,505413632,0,0,0,16384,true,0.38249598583206534,1.3206719886511564,0.6218879716470838,1.3142080279067159,0.5643200129270554,160,6.69529,1587472,NaN,1.805270429325323e-8
m13h-1-2,NVIDIA H200,factored,Float64,8,true,150,3,true,,12880,5076,2612,21,4.931087289433385,14.437817,167772160,236978176,0,0,0,16384,true,0.3821119898930192,1.3193599879741669,0.4640640108846128,1.3074239250272512,0.5641920142807066,0,6.2421120000000005,1473312,NaN,1.805270429325323e-8
m13h-1-2,NVIDIA H200,precomputed_y,Float64,8,true,150,3,true,,12880,5076,2612,21,4.931087289433385,44.695709,167772160,236978176,0,0,0,16384,true,0.3823360020760447,1.348351943306625,0.2876479993574321,1.320415991358459,0.5648000515066087,0,6.280468,1474160,NaN,1.805270429325323e-8
m13h-1-2,NVIDIA H200,dense,Float64,8,true,150,3,true,,12880,5076,2612,21,4.931087289433385,6982.803937,905969664,1008730112,818762912,866313472,866313472,16384,true,0.38281598244793713,1.32556795142591,61.39833480119705,1.362720038741827,0.5643200129270554,41792,68.87726099999999,5690848,NaN,1.805270429325323e-8
m13h-1-2,NVIDIA H200,dense_perclass,Float64,8,true,150,3,true,,12880,5076,2612,21,4.931087289433385,6974.238074,905969664,1008730112,818762912,866313472,866313472,16384,false,0.38236798718571663,1.328864018432796,87.40855008363724,1.3682880671694875,0.5657600122503936,41792,94.22399,10369744,NaN,1.805270428804906e-8
m13h-1-2,NVIDIA H200,dense,Float32,8,true,150,3,true,,12880,5076,2612,21,4.931087289433385,78450.998484,469762048,538968064,409381456,433207984,433207984,16384,true,0.25568000273779035,1.3960640644654632,62.878429889678955,1.3486399548128247,0.4024960217066109,20896,70.6061,5682208,NaN,3.243578038936157e-7
m13h-1-2,NVIDIA H200,dense_perclass,Float32,8,true,150,3,true,,12880,5076,2612,21,4.931087289433385,78236.675067,469762048,538968064,409381456,433207984,433207984,16384,false,0.25577598717063665,1.4033919433131814,86.84685081243515,1.3454400468617678,0.40288001764565706,20896,96.059991,10361120,NaN,3.243578038936157e-7
m13h-1-2,NVIDIA H200,concat,Float64,12,false,150,3,true,,15172,2252,0,0,0.0,27.14077,369098752,438304768,0,0,0,16384,true,1.9294079393148422,0.6231999723240733,0.6545280339196324,0.6039360305294394,1.9851839169859886,80,6.893205,1326336,2.3325924525252617e-11,4.675267686882201e-9
m13h-1-2,NVIDIA H200,factored,Float64,12,false,150,3,true,,15172,2252,2716,26,5.5861561119293075,37.419673,167772160,236978176,0,0,0,16384,true,1.9289599731564522,0.617056037299335,0.46956801088526845,0.603680033236742,1.9856318831443787,0,6.763321,1256640,2.3325938403040425e-11,4.675267679943307e-9
m13h-1-2,NVIDIA H200,precomputed_y,Float64,12,false,150,3,true,,15172,2252,2716,26,5.5861561119293075,119.781682,167772160,236978176,0,0,0,16384,true,1.9280320266261697,0.6284799892455339,0.2668479864951223,0.6201919750310481,1.9860160537064075,0,6.5539309999999995,1259040,2.3325938403040425e-11,4.675267686882201e-9
m13h-1-2,NVIDIA H200,dense,Float64,12,false,150,3,true,,15172,2252,2716,26,5.5861561119293075,10925.32508,805306368,941621248,749897616,794303080,794303080,16384,true,1.927679986692965,0.6158720352686942,63.981570303440094,0.6146240048110485,1.9859198946505785,43456,71.539647,5660512,2.3325938403040425e-11,4.675267686882201e-9
m13h-1-2,NVIDIA H200,dense_perclass,Float64,12,false,150,3,true,,15172,2252,2716,26,5.5861561119293075,10915.600029,805306368,941621248,749897616,794303080,794303080,16384,false,1.9272000063210726,0.6349760224111378,87.66210824251175,0.6330239702947438,1.987231895327568,43456,94.331874,9656992,2.3325938403040425e-11,4.675267686882201e-9
m13h-1-2,NVIDIA H200,dense,Float32,12,false,150,3,true,,15172,2252,2716,26,5.5861561119293075,151650.670467,402653184,538968064,374948808,397203104,397203104,16384,true,1.361823990009725,0.7172159967012703,70.49692422151566,0.645824009552598,1.4952640049159527,21728,75.634754,5655600,NaN,NaN
m13h-1-2,NVIDIA H200,dense_perclass,Float32,12,false,150,3,true,,15172,2252,2716,26,5.5861561119293075,151651.029065,402653184,505413632,374948808,397203104,397203104,16384,false,1.3596800854429603,0.7356799906119704,91.82726591825485,0.6337919621728361,1.494303927756846,21728,95.949021,9652064,NaN,NaN
m13h-1-2,NVIDIA H200,concat,Float64,12,true,150,3,true,,12382,2747,0,0,0.0,39.309315,905969664,975175680,0,0,0,16384,true,1.9422400509938598,1.3358399737626314,1.157791935838759,1.3188800076022744,2.6962559204548597,160,8.880782,1672752,NaN,3.931087750458362e-9
m13h-1-2,NVIDIA H200,factored,Float64,12,true,150,3,true,,12382,2747,2490,24,4.972690763052209,51.860589,301989888,371195904,0,0,0,16384,true,1.9425919745117426,1.331776031292975,0.9200320346280932,1.3164160773158073,2.6968319434672594,0,8.422567,1558576,NaN,3.931087750458362e-9
m13h-1-2,NVIDIA H200,precomputed_y,Float64,12,true,150,3,true,,12382,2747,2490,24,4.972690763052209,136.780253,335544320,404750336,0,0,0,16384,true,1.94195203948766,1.3572800671681762,0.5499839899130166,1.3357759453356266,2.6966079603880644,0,8.512171,1559424,NaN,3.931087757397256e-9
m13h-1-2,NVIDIA H200,dense,Float64,12,true,150,3,true,,12382,2747,2490,24,4.972690763052209,37608.332621,3590324224,3693084672,3465981600,3561767168,3561767168,16384,true,1.9443839555606246,1.4398399507626891,60.79340726137161,1.4175039250403643,2.6992959901690483,39840,70.13961400000001,5576992,NaN,3.931087743519468e-9
m13h-1-2,NVIDIA H200,dense_perclass,Float64,12,true,150,3,true,,12382,2747,2490,24,4.972690763052209,37720.886158,3590324224,3693084672,3465981600,3561767168,3561767168,16384,false,1.94284797180444,1.4109440380707383,84.7308486700058,1.4216320123523474,2.6997120585292578,39840,93.297753,10037280,NaN,3.931087736580574e-9
m13h-1-2,NVIDIA H200,dense,Float32,12,true,150,3,true,,12382,2747,2490,24,4.972690763052209,503475.693351,1811939328,1914699776,1732990800,1780935088,1780935088,16384,true,1.3483840739354491,1.4457919169217348,60.00582501292229,1.3751679798588157,2.042304025962949,19920,67.841644,5568368,NaN,NaN
m13h-1-2,NVIDIA H200,dense_perclass,Float32,12,true,150,3,true,,12382,2747,2490,24,4.972690763052209,504422.652001,1811939328,1881145344,1732990800,1780935088,1780935088,16384,false,1.3521600048989058,1.5015039825811982,85.27712523937225,1.3517120387405157,2.0437119528651237,19920,89.776607,10028656,NaN,NaN
m13h-1-2,NVIDIA H200,concat,Float64,4,false,2000,3,true,,32396,217604,0,0,0.0,566.691006,335544320,404750336,0,0,0,16384,true,0.3290239837951958,0.5918719689361751,0.26431999867781997,0.5798719939775765,0.4578240041155368,80,4.241817999999999,1481632,1.2898346349321521e-8,6.286091274801398e-7
m13h-1-2,NVIDIA H200,factored,Float64,4,false,2000,3,true,,32396,217604,1584,48,20.4520202020202,5.602526,67108864,136314880,0,0,0,16384,true,0.3286080027464777,0.5977280088700354,0.16512000001966953,0.5858560325577855,0.4533120081759989,0,4.079077000000001,1418528,1.2898346390954885e-8,6.286091274801398e-7
m13h-1-2,NVIDIA H200,precomputed_y,Float64,4,false,2000,3,true,,32396,217604,1584,48,20.4520202020202,7.498251,67108864,136314880,0,0,0,16384,true,0.3283840196672827,0.5939200054854155,0.1085760013666004,0.5868480075150728,0.447263999376446,0,4.051082999999999,1419440,1.2898346349321521e-8,6.286091274940175e-7
m13h-1-2,NVIDIA H200,dense,Float64,4,false,2000,3,true,,32396,217604,1584,48,20.4520202020202,66.70497,67108864,136314880,7920000,15528512,15528512,16384,true,0.32803197973407805,0.5905600264668465,36.17238253355026,0.5869119777344167,0.46035199193283916,25360,40.772706,3971504,1.2898346307688158e-8,6.286091275148342e-7
m13h-1-2,NVIDIA H200,dense_perclass,Float64,4,false,2000,3,true,,32396,217604,1584,48,20.4520202020202,66.742795,67108864,136314880,7920000,15528512,15528512,16384,false,0.3282240068074316,0.5926399608142674,49.15302246809006,0.5861120298504829,0.4547520074993372,25344,53.623589,6298576,1.2898346321565946e-8,6.286091274523842e-7
m13h-1-2,NVIDIA H200,dense,Float32,4,false,2000,3,true,,32396,217604,1584,48,20.4520202020202,900.258692,33554432,136314880,3960000,8291712,8291712,16384,true,0.20371199934743345,0.60659198788926,36.53859347105026,0.6058560102246702,0.37772799259983003,12680,40.893811,3966576,7.898867653011177e-8,1.5059639918879597e-5
m13h-1-2,NVIDIA H200,dense_perclass,Float32,4,false,2000,3,true,,32396,217604,1584,48,20.4520202020202,900.118321,33554432,136314880,3960000,8291712,8291712,16384,false,0.20396799664013088,0.607936002779752,50.230272114276886,0.5818880163133144,0.37379199056886137,12672,52.975464,6293648,9.736288700268325e-8,1.5059639918879597e-5
m13h-1-2,NVIDIA H200,concat,Float64,4,true,2000,3,true,,23646,222370,0,0,0.0,7.248773,872415232,941621248,0,0,0,16384,true,0.33212799462489784,1.303840079344809,0.5490879993885756,1.2889279751107097,0.6987520027905703,160,6.191249,1817968,NaN,3.268261120695226e-7
m13h-1-2,NVIDIA H200,factored,Float64,4,true,2000,3,true,,23646,222370,1368,41,17.285087719298247,6.353686,100663296,169869312,0,0,0,16384,true,0.3327040176372975,1.3037760509178042,0.34348800545558333,1.2915199622511864,0.6998720346018672,0,5.9154409999999995,1725552,NaN,3.2682611207125734e-7
m13h-1-2,NVIDIA H200,precomputed_y,Float64,4,true,2000,3,true,,23646,222370,1368,41,17.285087719298247,8.862838,100663296,169869312,0,0,0,16384,true,0.3333440108690411,1.3063360238447785,0.23488000442739576,1.2873279629275203,0.6936319987289608,0,5.902289,1723264,NaN,3.268261120695226e-7
m13h-1-2,NVIDIA H200,dense,Float64,4,true,2000,3,true,,23646,222370,1368,41,17.285087719298247,277.674798,100663296,203423744,40722624,57767456,57767456,16384,true,0.3333119966555387,1.297696027904749,30.991584062576294,1.2848320184275508,0.6984960054978728,21904,36.943103,3894544,NaN,3.268261120677879e-7
m13h-1-2,NVIDIA H200,dense_perclass,Float64,4,true,2000,3,true,,23646,222370,1368,41,17.285087719298247,266.000526,100663296,203423744,40722624,57767456,57767456,16384,false,0.3328000020701438,1.2937920400872827,43.62860694527626,1.2822080170735717,0.7008960237726569,21888,49.68351,6340784,NaN,3.2682611206605316e-7
m13h-1-2,NVIDIA H200,dense,Float32,4,true,2000,3,true,,23646,222370,1368,41,17.285087719298247,2951.725902,67108864,136314880,20361312,29410752,29410752,16384,true,0.2070399932563305,1.2833919608965516,31.111327931284904,1.2348480522632599,0.5682240007445216,10952,36.68631,3885920,NaN,2.371614966134583e-6
m13h-1-2,NVIDIA H200,dense_perclass,Float32,4,true,2000,3,true,,23646,222370,1368,41,17.285087719298247,2883.919367,67108864,169869312,20361312,29410752,29410752,16384,false,0.2064319996861741,1.2505600461736321,43.10080036520958,1.252192072570324,0.5732799763791263,10944,49.165243,6332160,NaN,2.4908242556853644e-6
m13h-1-2,NVIDIA H200,concat,Float64,8,false,2000,3,true,,177990,65059,0,0,0.0,10.681855,973078528,1042284544,0,0,0,16384,true,1.9627520814538002,0.6239680224098265,2.941183978691697,0.6028159987181425,2.04265583306551,160,8.545369,1615488,1.6684062464911165e-10,1.643284673613632e-8
m13h-1-2,NVIDIA H200,factored,Float64,8,false,2000,3,true,,177990,65059,3122,237,57.011531069827036,13.179948,100663296,169869312,0,0,0,16384,true,1.9620798993855715,0.6241920054890215,2.3503999691456556,0.6046720081940293,2.0477441139519215,0,8.030815,1562976,1.6684062464911165e-10,1.6432846722258532e-8
m13h-1-2,NVIDIA H200,precomputed_y,Float64,8,false,2000,3,true,,177990,65059,3122,237,57.011531069827036,38.522288,100663296,169869312,0,0,0,16384,true,1.9620158709585667,0.6190399872139096,1.2899839784950018,0.6108160014264286,2.0474561024457216,0,6.95851,1550496,1.6684065240468726e-10,1.6432846722258532e-8
m13h-1-2,NVIDIA H200,dense,Float64,8,false,2000,3,true,,177990,65059,3122,237,57.011531069827036,1757.995636,234881024,337641472,163972512,186267248,186267248,16384,true,1.962207956239581,0.6079039885662496,75.27398318052292,0.60351996216923,2.0393601153045893,50080,80.67946400000001,6591296,1.6684062464911165e-10,1.6432846750014107e-8
m13h-1-2,NVIDIA H200,dense_perclass,Float64,8,false,2000,3,true,,177990,65059,3122,237,57.011531069827036,1761.400943,234881024,337641472,163972512,186267248,186267248,16384,false,1.9621760584414005,0.6031360244378448,101.53385996818542,0.6007680203765631,2.0412160083651543,49952,108.96004199999999,11157632,1.6684062464911165e-10,1.6432846750014107e-8
m13h-1-2,NVIDIA H200,dense,Float32,8,false,2000,3,true,,177990,65059,3122,237,57.011531069827036,24358.421166,134217728,236978176,81986256,93664160,93664160,16384,true,1.2773120542988181,0.6441919831559062,73.53820651769638,0.6142720230855048,1.4908160082995892,25040,79.60411400000001,6586368,5.945890439729151e-8,1.2032763801517188e-5
m13h-1-2,NVIDIA H200,dense_perclass,Float32,8,false,2000,3,true,,177990,65059,3122,237,57.011531069827036,24413.248776,134217728,236978176,81986256,93664160,93664160,16384,false,1.2775679351761937,0.6261760136112571,99.42828863859177,0.602623971644789,1.4845760306343436,24976,103.861616,11152704,5.929012983352244e-8,1.201786264032334e-5
m13h-1-2,NVIDIA H200,concat,Float64,8,true,2000,3,true,,185284,67725,0,0,0.0,16.063152,2516582400,2585788416,0,0,0,16384,true,2.3085440043359995,1.349344034679234,6.482271943241358,1.3210239121690392,3.5828480031341314,320,14.427980999999999,2019408,NaN,1.0606913408359175e-8
m13h-1-2,NVIDIA H200,factored,Float64,8,true,2000,3,true,,185284,67725,3124,247,59.309859154929576,14.950597,167772160,236978176,0,0,0,16384,true,2.311872085556388,1.3499200576916337,6.058047991245985,1.330047962255776,3.5847038961946964,0,14.048778,2038336,NaN,1.060691341529807e-8
m13h-1-2,NVIDIA H200,precomputed_y,Float64,8,true,2000,3,true,,185284,67725,3124,247,59.309859154929576,41.995359,201326592,270532608,0,0,0,16384,true,2.3116478696465492,1.3503680238500237,3.5032001323997974,1.329759950749576,3.586208214983344,0,11.528030999999999,2004688,NaN,1.0606913411828622e-8
m13h-1-2,NVIDIA H200,dense,Float64,8,true,2000,3,true,,185284,67725,3124,247,59.309859154929576,6991.531332,905969664,1042284544,818762912,867272048,867272048,16384,true,2.310591982677579,1.34694401640445,76.94822549819946,1.3888960238546133,3.582528093829751,50160,86.597566,6889248,NaN,1.0606913408359175e-8
m13h-1-2,NVIDIA H200,dense_perclass,Float64,8,true,2000,3,true,,185284,67725,3124,247,59.309859154929576,6988.148131,905969664,1042284544,818762912,867272048,867272048,16384,false,2.3117440287023783,1.3372800312936306,109.0383380651474,1.3967360137030482,3.5881600342690945,49984,118.015625,12448064,NaN,1.0606913401420281e-8
m13h-1-2,NVIDIA H200,dense,Float32,8,true,2000,3,true,,185284,67725,3124,247,59.309859154929576,78553.814938,469762048,572522496,409381456,434166560,434166560,16384,true,1.5080960001796484,1.388128031976521,79.77225631475449,1.348351943306625,2.5604479014873505,25080,84.898943,6880640,NaN,7.43692693618847e-5
m13h-1-2,NVIDIA H200,dense_perclass,Float32,8,true,2000,3,true,,185284,67725,3124,247,59.309859154929576,78326.656924,469762048,572522496,409381456,434166560,434166560,16384,false,1.5077759744599462,1.389696029946208,108.12819004058838,1.3396480353549123,2.557984087616205,24992,116.341255,12439376,NaN,7.43692693618847e-5
m13h-1-2,NVIDIA H200,concat,Float64,12,false,2000,3,true,,222454,30555,0,0,0.0,30.114896,2013265920,2082471936,0,0,0,16384,true,7.639808114618063,0.6285120034590364,8.689887821674347,0.6120320176705718,7.91238434612751,160,25.910565,1700000,3.571014317582666e-11,5.377662440353426e-9
m13h-1-2,NVIDIA H200,factored,Float64,12,false,2000,3,true,,222454,30555,3282,310,67.78001218769043,38.260879,167772160,236978176,0,0,0,16384,true,7.640927564352751,0.6292480393312871,6.514783948659897,0.6157759926281869,7.907680235803127,0,23.815496,1667264,3.5710170931402274e-11,5.377662426475638e-9
m13h-1-2,NVIDIA H200,precomputed_y,Float64,12,false,2000,3,true,,222454,30555,3282,310,67.78001218769043,115.132461,201326592,270532608,0,0,0,16384,true,7.639552000910044,0.6268159486353397,3.367520170286298,0.6180480122566223,7.908063940703869,0,20.661039,1650320,3.571014317582666e-11,5.377662468109001e-9
m13h-1-2,NVIDIA H200,dense,Float64,12,false,2000,3,true,,222454,30555,3282,310,67.78001218769043,10929.900341,838860800,941621248,749897616,795261656,795261656,16384,true,7.640543859452009,0.616384029854089,79.61392402648926,0.6140479817986488,7.909728214144707,52720,93.300989,6949504,3.5710170931402274e-11,5.377662370964487e-9
m13h-1-2,NVIDIA H200,dense_perclass,Float64,12,false,2000,3,true,,222454,30555,3282,310,67.78001218769043,10915.358074,838860800,941621248,749897616,795261656,795261656,16384,false,7.6397438533604145,0.6194239831529558,107.97971487045288,0.6248319987207651,7.916703820228577,52512,120.05837799999999,11738784,3.5710170931402274e-11,5.377662370964487e-9
m13h-1-2,NVIDIA H200,dense,Float32,12,false,2000,3,true,,222454,30555,3282,310,67.78001218769043,151837.273702,436207616,538968064,374948808,398161680,398161680,16384,true,5.189119838178158,0.7251840434037149,83.69757235050201,0.6520960014313459,5.763232242316008,26360,90.547319,6944592,NaN,NaN
m13h-1-2,NVIDIA H200,dense_perclass,Float32,12,false,2000,3,true,,222454,30555,3282,310,67.78001218769043,151735.897398,436207616,538968064,374948808,398161680,398161680,16384,false,5.190464202314615,0.7259839912876487,110.09404808282852,0.6494720000773668,5.766176152974367,26256,121.941159,11733872,NaN,NaN
m13h-1-2,NVIDIA H200,concat,Float64,12,true,2000,3,true,,203136,36964,0,0,0.0,46.294247,5033164800,5102370816,0,0,0,16384,true,7.007712032645941,1.3575040502473712,16.379840672016144,1.3445119839161634,9.870752692222595,320,35.468520000000005,2104432,NaN,1.864607392099149e-9
m13h-1-2,NVIDIA H200,factored,Float64,12,true,2000,3,true,,203136,36964,3246,262,62.58040665434381,52.704859,335544320,404750336,0,0,0,16384,true,7.025407627224922,1.3576640048995614,14.086175709962845,1.3408639933913946,9.85660869628191,0,33.155423000000006,2145200,NaN,1.864607399038043e-9
m13h-1-2,NVIDIA H200,precomputed_y,Float64,12,true,2000,3,true,,203136,36964,3246,262,62.58040665434381,126.587769,335544320,404750336,0,0,0,16384,true,7.014208007603884,1.3697920367121696,7.839583791792393,1.3513920130208135,9.863648563623428,0,26.977099000000003,2108416,NaN,1.864607399038043e-9
m13h-1-2,NVIDIA H200,dense,Float64,12,true,2000,3,true,,203136,36964,3246,262,62.58040665434381,37608.662281,3623878656,3726639104,3465981600,3562725744,3562725744,16384,true,7.007775828242302,1.3483200455084443,83.04688334465027,1.4024960109964013,9.878687560558319,52128,99.526977,7176800,NaN,1.864607471896429e-9
m13h-1-2,NVIDIA H200,dense_perclass,Float64,12,true,2000,3,true,,203136,36964,3246,262,62.58040665434381,37604.967855,3623878656,3726639104,3465981600,3562725744,3562725744,16384,false,7.008831948041916,1.3865599175915122,113.603875041008,1.42137601505965,9.860863909125328,51936,130.35731,12950752,NaN,1.864607464957535e-9
m13h-1-2,NVIDIA H200,dense,Float32,12,true,2000,3,true,,203136,36964,3246,262,62.58040665434381,503764.100909,1845493760,1948254208,1732990800,1781893664,1781893664,16384,true,4.764895886182785,1.4345920644700527,87.26959675550461,1.3779200380668044,7.2557758539915085,26064,100.829347,7168176,NaN,NaN
m13h-1-2,NVIDIA H200,dense_perclass,Float32,12,true,2000,3,true,,203136,36964,3246,262,62.58040665434381,504778.449293,1845493760,1948254208,1732990800,1781893664,1781893664,16384,false,4.764160141348839,1.430719974450767,117.35648661851883,1.432224060408771,7.249535992741585,25968,134.563601,12942128,NaN,NaN
m13h-1-2,NVIDIA H200,concat,Float64,4,false,20000,3,true,,34512,227632,0,0,0.0,6.885031,335544320,404750336,0,0,0,16384,true,1.867807935923338,0.6063039763830602,0.2636800054460764,0.5935680237598717,5.873311776667833,80,10.754599,1509504,1.2820725467377336e-8,6.174110715601033e-7
m13h-1-2,NVIDIA H200,factored,Float64,4,false,20000,3,true,,34512,227632,1584,48,21.78787878787879,6.492175,67108864,136314880,0,0,0,16384,true,1.883135992102325,0.6036160048097372,0.20550399494823068,0.5967680481262505,5.894271656870842,0,10.566059,1452992,1.282072543962176e-8,6.174110715392866e-7
m13h-1-2,NVIDIA H200,precomputed_y,Float64,4,false,20000,3,true,,34512,227632,1584,48,21.78787878787879,8.382441,67108864,136314880,0,0,0,16384,true,1.8742720130831003,0.6111680413596332,0.13516799663193524,0.5978880217298865,5.903647746890783,0,10.697759,1452416,1.2820725453499549e-8,6.174110715392866e-7
m13h-1-2,NVIDIA H200,dense,Float64,4,false,20000,3,true,,34512,227632,1584,48,21.78787878787879,68.053023,67108864,136314880,7920000,15528512,15528512,16384,true,1.885472098365426,0.5966720054857433,36.076802760362625,0.5899519892409444,5.915743764489889,25376,46.970561000000004,4002480,1.2820725467377336e-8,6.174110715601033e-7
m13h-1-2,NVIDIA H200,dense_perclass,Float64,4,false,20000,3,true,,34512,227632,1584,48,21.78787878787879,68.032652,67108864,136314880,7920000,15528512,15528512,16384,false,1.8926719203591347,0.596351979766041,49.367424100637436,0.6111040129326284,5.923935677856207,25344,61.263618,6326448,1.2820725453499549e-8,6.174110715392866e-7
m13h-1-2,NVIDIA H200,dense,Float32,4,false,20000,3,true,,34512,227632,1584,48,21.78787878787879,902.785271,33554432,136314880,3960000,8291712,8291712,16384,true,1.1399999493733048,0.6116480217315257,36.48928180336952,0.6030719960108399,4.759840201586485,12688,46.333028999999996,3997552,1.2233952301210493e-7,3.570026364108081e-5
m13h-1-2,NVIDIA H200,dense_perclass,Float32,4,false,20000,3,true,,34512,227632,1584,48,21.78787878787879,901.327178,33554432,136314880,3960000,8291712,8291712,16384,false,1.1402239324524999,0.5908160237595439,49.426816403865814,0.5890880129300058,4.676127806305885,12672,59.268188,6321520,1.0743836181825728e-7,3.570026364108081e-5
m13h-1-2,NVIDIA H200,concat,Float64,4,true,20000,3,true,,25704,236440,0,0,0.0,8.328807,872415232,941621248,0,0,0,16384,true,2.1310078445822,1.3265600427985191,0.5559359560720623,1.318176044151187,8.382847532629967,160,14.961452,1846736,NaN,4.462874705069009e-7
m13h-1-2,NVIDIA H200,factored,Float64,4,true,20000,3,true,,25704,236440,1368,42,18.789473684210527,7.313289,100663296,169869312,0,0,0,16384,true,2.125791972503066,1.3344320468604565,0.36697598989121616,1.3223999412730336,8.278303779661655,0,14.689794000000001,1754320,NaN,4.4628747053465645e-7
m13h-1-2,NVIDIA H200,precomputed_y,Float64,4,true,20000,3,true,,25704,236440,1368,42,18.789473684210527,10.072075,100663296,169869312,0,0,0,16384,true,2.125279977917671,1.3281600549817085,0.24831999326124787,1.3122559757903218,8.26415978372097,0,14.689219,1752032,NaN,4.4628747053465645e-7
m13h-1-2,NVIDIA H200,dense,Float64,4,true,20000,3,true,,25704,236440,1368,42,18.789473684210527,277.684158,100663296,203423744,40722624,57767456,57767456,16384,true,2.122431993484497,1.3156799832358956,31.106943264603615,1.2868159683421254,8.300479501485825,21904,46.462208999999994,3923312,NaN,4.4628747053465645e-7
m13h-1-2,NVIDIA H200,dense_perclass,Float64,4,true,20000,3,true,,25704,236440,1368,42,18.789473684210527,266.907416,100663296,203423744,40722624,57767456,57767456,16384,false,2.1235200110822916,1.3108799466863275,43.860387057065964,1.328864018432796,8.322687819600105,21888,59.671675,6369552,NaN,4.4628747053465645e-7
m13h-1-2,NVIDIA H200,dense,Float32,4,true,20000,3,true,,25704,236440,1368,42,18.789473684210527,2941.307558,67108864,169869312,20361312,29410752,29410752,16384,true,1.2969919480383396,1.2649280251935124,30.66915087401867,1.251072040759027,6.330880336463451,10952,43.476507999999995,3914688,NaN,0.00015957227954044306
m13h-1-2,NVIDIA H200,dense_perclass,Float32,4,true,20000,3,true,,25704,236440,1368,42,18.789473684210527,2888.428975,67108864,169869312,20361312,29410752,29410752,16384,false,1.2971520191058517,1.2683520326390862,43.15625876188278,1.2541119940578938,6.320415996015072,10944,55.958406000000004,6360928,NaN,0.0001593338609613415
m13h-1-2,NVIDIA H200,concat,Float64,8,false,20000,3,true,,192480,69664,0,0,0.0,11.031872,973078528,1042284544,0,0,0,16384,true,11.225824244320393,0.6181439966894686,3.1801280565559864,0.609951966907829,13.27417604625225,160,30.379677,1643360,1.8891836706114162e-10,1.302426724802963e-8
m13h-1-2,NVIDIA H200,factored,Float64,8,false,20000,3,true,,192480,69664,3124,256,61.613316261203586,12.022153,100663296,169869312,0,0,0,16384,true,11.236928403377533,0.6182079669088125,2.553280210122466,0.6105279899202287,13.252160511910915,0,29.767634,1597440,1.8891838093892943e-10,1.302426724802963e-8
m13h-1-2,NVIDIA H200,precomputed_y,Float64,8,false,20000,3,true,,192480,69664,3124,256,61.613316261203586,29.502919,100663296,169869312,0,0,0,16384,true,11.181632056832314,0.6223359960131347,1.3943359954282641,0.6098879966884851,13.271360658109188,0,28.655143000000002,1583472,1.8891835318335382e-10,1.3024267234151843e-8
m13h-1-2,NVIDIA H200,dense,Float64,8,false,20000,3,true,,192480,69664,3124,256,61.613316261203586,1764.818254,234881024,337641472,163972512,186267248,186267248,16384,true,11.194719932973385,0.6064960034564137,75.29245316982269,0.6033600075170398,13.275391422212124,50160,95.367528,6628800,1.8891839481671724e-10,1.3024267220274055e-8
m13h-1-2,NVIDIA H200,dense_perclass,Float64,8,false,20000,3,true,,192480,69664,3124,256,61.613316261203586,1762.053726,234881024,337641472,163972512,186267248,186267248,16384,false,11.194592341780663,0.6090239621698856,101.61798447370529,0.6031040102243423,13.313151895999908,49984,124.956953,11191712,1.8891838093892943e-10,1.302426724802963e-8
m13h-1-2,NVIDIA H200,dense,Float32,8,false,20000,3,true,,192480,69664,3124,256,61.613316261203586,24349.744803,134217728,236978176,81986256,93664160,93664160,16384,true,7.135168183594942,0.631775998044759,75.23385435342789,0.5951999919489026,9.720000438392162,25080,89.61783500000001,6623872,6.137798297389807e-8,4.623242243639858e-5
m13h-1-2,NVIDIA H200,dense_perclass,Float32,8,false,20000,3,true,,192480,69664,3124,256,61.613316261203586,24432.482267,134217728,236978176,81986256,93664160,93664160,16384,false,7.134975865483284,0.6353920325636864,100.09536147117615,0.6094719865359366,9.764224290847778,24992,113.993876,11186784,6.137798297389807e-8,4.623242243639858e-5
m13h-1-2,NVIDIA H200,concat,Float64,8,true,20000,3,true,,192480,69664,0,0,0.0,16.889282,2516582400,2585788416,0,0,0,16384,true,11.521119624376297,1.370048034004867,6.730752065777779,1.3435200089588761,19.380511716008186,320,40.733045000000004,2048176,NaN,1.0464450582534784e-8
m13h-1-2,NVIDIA H200,factored,Float64,8,true,20000,3,true,,192480,69664,3124,256,61.613316261203586,15.708671,167772160,236978176,0,0,0,16384,true,11.507807299494743,1.3637759257107973,6.23657600954175,1.3541760854423046,19.369471818208694,0,40.372406999999995,2067136,NaN,1.0464450577330614e-8
m13h-1-2,NVIDIA H200,precomputed_y,Float64,8,true,20000,3,true,,192480,69664,3124,256,61.613316261203586,44.739786,201326592,270532608,0,0,0,16384,true,11.537696234881878,1.3639359967783093,3.6225600633770227,1.343072042800486,19.379615783691406,0,37.707315,2033488,NaN,1.0464450584269508e-8
m13h-1-2,NVIDIA H200,dense,Float64,8,true,20000,3,true,,192480,69664,3124,256,61.613316261203586,6989.972275,905969664,1042284544,818762912,867272048,867272048,16384,true,11.523167602717876,1.3444479554891586,76.33686065673828,1.3764480827376246,19.396832212805748,50160,105.86736300000001,6918016,NaN,1.0464450584269508e-8
m13h-1-2,NVIDIA H200,dense_perclass,Float64,8,true,20000,3,true,,192480,69664,3124,256,61.613316261203586,6983.392309,905969664,1042284544,818762912,867272048,867272048,16384,false,11.523296125233173,1.3364480109885335,107.26064443588257,1.3807360082864761,19.354142248630524,49984,137.11192599999998,12476768,NaN,1.0464450586004231e-8
m13h-1-2,NVIDIA H200,dense,Float32,8,true,20000,3,true,,192480,69664,3124,256,61.613316261203586,78504.804801,469762048,572522496,409381456,434166560,434166560,16384,true,7.3656318709254265,1.3633600901812315,78.10339331626892,1.338207977823913,13.879840262234211,25080,97.986072,6909408,NaN,0.00020523771720304396
m13h-1-2,NVIDIA H200,dense_perclass,Float32,8,true,20000,3,true,,192480,69664,3124,256,61.613316261203586,78297.766831,469762048,572522496,409381456,434166560,434166560,16384,false,7.3656318709254265,1.3463359791785479,105.42316734790802,1.2975039426237345,13.863712549209595,24992,126.02602700000001,12468144,NaN,0.00020523771720304396
m13h-1-2,NVIDIA H200,concat,Float64,12,false,20000,3,true,,230616,31528,0,0,0.0,30.551776,2013265920,2082471936,0,0,0,16384,true,42.865440249443054,0.6306240102276206,9.004480205476284,0.6218879716470838,45.54770886898041,160,100.32226299999999,1727872,2.4663382447442928e-11,3.273114196344906e-9
m13h-1-2,NVIDIA H200,factored,Float64,12,false,20000,3,true,,230616,31528,3282,320,70.26691042047533,34.46444,201326592,270532608,0,0,0,16384,true,42.8757444024086,0.6326400325633585,6.777919828891754,0.6223040400072932,45.60684785246849,0,98.3207,1701728,2.4663382447442928e-11,3.2731141824671184e-9
m13h-1-2,NVIDIA H200,precomputed_y,Float64,12,false,20000,3,true,,230616,31528,3282,320,70.26691042047533,107.254055,201326592,270532608,0,0,0,16384,true,42.85561665892601,0.6367359892465174,3.5081279929727316,0.6238399655558169,45.608289539813995,0,95.03267,1683296,2.4663382447442928e-11,3.2731141755282245e-9
m13h-1-2,NVIDIA H200,dense,Float64,12,false,20000,3,true,,230616,31528,3282,320,70.26691042047533,10922.367141,838860800,975175680,749897616,795261656,795261656,16384,true,42.90710389614105,0.6143359933048487,79.73939180374146,0.6090239621698856,45.605022460222244,52736,165.949756,6980480,2.4663410203018543e-11,3.273114210222694e-9
m13h-1-2,NVIDIA H200,dense_perclass,Float64,12,false,20000,3,true,,230616,31528,3282,320,70.26691042047533,10916.19174,838860800,975175680,749897616,795261656,795261656,16384,false,42.906492948532104,0.6141120102256536,107.93401300907135,0.6319680251181126,45.56531086564064,52512,194.388281,11766656,2.4663410203018543e-11,3.273114210222694e-9
m13h-1-2,NVIDIA H200,dense,Float32,12,false,20000,3,true,,230616,31528,3282,320,70.26691042047533,151963.625749,436207616,538968064,374948808,398161680,398161680,16384,true,29.257087036967278,0.7237760000862181,83.574078977108,0.6501119933091104,33.395424485206604,26368,141.414254,6975568,NaN,NaN
m13h-1-2,NVIDIA H200,dense_perclass,Float32,12,false,20000,3,true,,230616,31528,3282,320,70.26691042047533,151922.254521,436207616,538968064,374948808,398161680,398161680,16384,false,29.257824644446373,0.7208960014395416,109.80140417814255,0.6479040021076798,33.352382481098175,26256,168.011279,11761728,NaN,NaN
m13h-1-2,NVIDIA H200,concat,Float64,12,true,20000,3,true,,222648,39496,0,0,0.0,47.29699,5066719232,5135925248,0,0,0,16384,true,41.66751727461815,1.3694079825654626,17.901279032230377,1.3537280028685927,59.92572754621506,320,123.01098,2133200,NaN,1.2386041203099607e-9
m13h-1-2,NVIDIA H200,factored,Float64,12,true,20000,3,true,,222648,39496,3252,280,68.4649446494465,53.170455,335544320,404750336,0,0,0,16384,true,41.68982431292534,1.3690880732610822,15.308992005884647,1.348512014374137,59.942688792943954,0,120.40306000000001,2195776,NaN,1.2386041168405137e-9
m13h-1-2,NVIDIA H200,precomputed_y,Float64,12,true,20000,3,true,,222648,39496,3252,280,68.4649446494465,134.346525,369098752,438304768,0,0,0,16384,true,41.6814386844635,1.3640639372169971,8.589247241616249,1.3578239595517516,59.94553864002228,0,113.67395099999999,2155856,NaN,1.2386041168405137e-9
m13h-1-2,NVIDIA H200,dense,Float64,12,true,20000,3,true,,222648,39496,3252,280,68.4649446494465,37624.290617,3623878656,3760193536,3465981600,3562725744,3562725744,16384,true,41.72550514340401,1.424288027919829,82.5689285993576,1.4473919291049242,59.953056275844574,52224,183.037801,7217152,NaN,1.2386042001072406e-9
m13h-1-2,NVIDIA H200,dense_perclass,Float64,12,true,20000,3,true,,222648,39496,3252,280,68.4649446494465,37602.789856,3623878656,3760193536,3465981600,3562725744,3562725744,16384,false,41.7209267616272,1.3506879331544042,114.52770978212357,1.4004479162395,59.885185211896896,52032,215.542712,13000064,NaN,1.2386041966377936e-9
m13h-1-2,NVIDIA H200,dense,Float32,12,true,20000,3,true,,222648,39496,3252,280,68.4649446494465,504113.268349,1845493760,1948254208,1732990800,1781893664,1781893664,16384,true,28.541119769215584,1.5074879629537463,88.89853209257126,1.3411840191110969,45.202430337667465,26112,160.32501499999998,7208528,NaN,NaN
m13h-1-2,NVIDIA H200,dense_perclass,Float32,12,true,20000,3,true,,222648,39496,3252,280,68.4649446494465,505049.37042,1845493760,1948254208,1732990800,1781893664,1781893664,16384,false,28.500480577349663,1.451199990697205,118.01574379205704,1.3816000428050756,45.195262879133224,26016,193.75281,12991440,NaN,NaN
